,SCO_DAYS,SCO_D_SUMMARY,SCO_D_TEXT,SCO_D_TITLE,SCO_T_SUMMARY,SCO_T_TEXT,SCO_T_TITLE,SCO_USER
0,1,0.3394667178129769,0.31536204606110474,0.35968797487455356,0.7406695856140288,0.7498673318543267,0.6579397947144123,1.0
1,0,0.34183773420678315,0.3478366425016812,0.3018784117623357,0.7168032610772247,0.7298039977601412,0.37020004361255043,1.0
2,1,0.2636577987976082,0.1750422483314299,0.4730434534956098,0.705312320109688,0.7014531325403803,0.35460822771747846,0.0
3,1,0.4067801286855627,0.3900173162841247,0.3132077582979417,0.38370529726475644,0.4253747767300178,0.6043482554797999,0.5
4,1,0.2831256444235577,0.25324462663714997,0.33958016623966364,0.7444613408328832,0.7391247220084722,0.0011848922987669763,0.0
5,0,0.3562915473826171,0.38614956288855384,0.2604124253510717,0.6803958459907906,0.6625270891033646,0.10857974649590757,1.0
6,0,0.1253015333159944,0.1265737429199585,0.3049678214170431,0.15784094609793542,0.1499469435447605,0.053346026190822654,0.0
7,1,0.3292438033362448,0.3692264994930984,0.1727451029120745,0.8468201271648339,0.866398681818467,0.5015186700951284,1.0
8,1,0.19483415473160332,-0.01324966998530722,0.44059279004426777,0.09636726447555888,0.0859412503110084,0.016058063340111943,0.0
9,2,0.2055406021144376,0.25012675296512454,0.28412580288226563,0.2009082255100465,0.19959613450952463,0.0037179302461504728,0.0
10,0,0.408759394549448,0.399625416236411,0.3972028153062186,0.8341629502185375,0.8701396585011827,0.8542735875483471,1.0
11,1,0.09243333537867524,0.05283963022524894,0.36019433906078685,0.16883451803379868,0.16347441467951387,0.023815502575499872,0.0
12,0,0.16850086956006688,0.1802205463902476,0.4988114439539908,0.496066775033932,0.49096735051828944,0.2616168663302326,0.5
13,0,0.3165814852436057,0.24914536059368586,0.22599964362892352,0.7831193017123018,0.7811529306368652,0.03829281923347466,1.0
14,0,0.3682661191200979,0.30199760044425616,0.13086640054213144,0.740951127413162,0.7486938398846634,0.02378880852201235,1.0
15,0,0.0615444549727583,0.04317694858861251,0.32611495854546735,0.25703100288186065,0.2503377545024519,0.07854291423939637,0.0
16,0,0.34464265266904937,0.39873841837147544,0.29228787842007337,0.8420457409505429,0.849881569977901,0.7745595573286974,1.0
17,0,0.3321970240169917,0.3377762646659387,0.26740834746761133,0.7812806720666717,0.8026700052998119,0.7098168385894164,1.0
18,0,0.30037950478037007,0.2156876712829798,0.37273905855479006,0.7703250692554932,0.8085163750081134,0.6068232607337848,1.0
19,1,0.14022678732873717,0.07796612362599492,0.2891406903019096,0.3542245845280555,0.3487741600450653,0.018606675243940714,0.0
20,0,0.32642279071841124,0.34878181314251683,0.17667058537153915,0.5868847070532712,0.6025438193754862,0.27325456535700426,1.0
21,0,0.2618879763789306,0.28500346259204234,0.1868542492626974,0.5284526367103891,0.5475556322360833,0.09278115267563007,0.0
22,1,0.25502779409331733,0.2537877967464086,0.3904577860350037,0.7199669979028105,0.7125950286188497,0.6383115657278792,0.0
23,0,0.2636161819916809,0.29043602035231053,0.05320931702394292,0.6277518095274979,0.6384567100446794,0.20360253056510902,0.0
24,0,0.2742879177933719,0.2258774828805731,0.36786133945559585,0.5394855069323461,0.6015148938424917,0.7970961073995946,0.0
25,0,0.5253453121197875,0.42873711508968126,0.35810319386944445,0.8760089615107065,0.8909702208408248,0.5222146955065978,1.0
26,1,0.060704466309403946,0.0309143873603428,0.36574816771164875,0.17736752528580674,0.1681034032610213,-0.012140565292076713,0.0
27,0,0.21424325400660987,0.17726992867017677,0.144464804033358,0.22023016730903355,0.19824207863413407,-0.013217752851684124,0.0
28,1,0.09116482769143826,0.08549424222748583,0.24436503217372682,0.1811367121926015,0.18707570060115056,0.13735490889728164,0.0
29,1,0.1752726312763511,0.10465953319819167,0.18311280657967727,0.21577770971126195,0.2160803498966763,0.020677094951048487,0.0
30,1,0.1105603440432062,0.12315926151667032,0.2132434687329559,0.5016140247749267,0.4728550083752761,0.029381319172468723,0.0
31,0,0.4184733537653853,0.28962330598240393,0.27976623522799104,0.710917860587378,0.7533573793936232,0.6500036105385821,1.0
32,1,0.2569662007776683,0.20609260151497716,0.5006760014437707,0.6309412742008079,0.687888018814854,0.08011681626187687,1.0
33,0,0.11248923042677535,0.09253268454104716,0.18364332957019977,0.38890225463694084,0.3927439424293456,0.0329496961968902,0.0
34,0,0.36674883305363865,0.2643208410366202,0.13885894196763165,0.6267443373674793,0.6330030494760495,0.07790614467140183,1.0
35,1,0.06471294193093403,0.0532291248728224,0.27222417997065823,0.24528095574774972,0.22684013587717297,0.004804393828775549,0.0
36,1,0.07752987729142538,0.06084180589590725,0.14980592360127823,0.3600237632786626,0.34589254809204556,0.026270636894355444,0.0
37,0,0.3227047436892808,0.2942362930417212,0.25645873671166974,0.8742421544701877,0.8776380059453021,0.6248941623397422,1.0
38,0,0.32212810488901,0.3150039310405463,0.383905607288546,0.6324660562144453,0.6808400890807764,0.23776644524103507,0.5
39,1,0.2852960499376378,0.16813518620522855,0.20679342398468675,0.4021510211287916,0.39080363239557075,0.12863802994986892,0.0
40,0,0.2695476640116997,0.4263961822619725,0.16544063421180233,0.6406893359842362,0.6873607478399002,0.8581065911581118,1.0
41,0,0.2684614327620905,0.47077176527267256,0.2637580769274318,0.6206100282823992,0.5957032628245706,0.03626083800494294,1.0
42,0,0.10686669827587968,0.18281894576761487,0.26776974864131625,0.16364129208040878,0.16075160015356366,0.03799506822799886,0.0
43,0,0.3895964362410811,0.430138652400083,0.35604715972749434,0.895355448668354,0.8992312229410955,0.2879069086056677,0.5
44,0,0.3393347047043455,0.38643190603972843,0.2403145874939423,0.440501006651703,0.5479558739067363,0.47481983669862876,1.0
45,1,0.08444365054951594,0.05767122144870544,0.2574201029824949,0.36266791975396345,0.36048807380175374,0.0413964211382494,0.0
46,1,0.33120361768398576,0.3762298153539163,0.2978662937498978,0.6598369532430985,0.6994748861803814,0.5580618363932667,1.0
47,1,0.2638246073089118,0.20269605220146947,0.33862542216762576,0.5971500502650123,0.5989017962721803,0.2945379531761114,0.0
48,0,0.3307441240512762,0.349099149672366,0.2845734686872962,0.6901640359305138,0.7181191143997717,0.7876612634973177,1.0
49,0,0.09505995972623324,0.062014270291290224,0.3005921344839971,0.48887955247514636,0.4883567084935679,0.04877768781574839,0.0
50,0,0.3945102296937767,0.2885038903826912,-0.03493704813159144,0.7058664533783068,0.7112860902792949,0.08474559801636448,1.0
51,1,0.29854160531344087,0.21829461982923706,0.2889404663694542,0.7651876232804358,0.7857135598331506,0.8876357969635438,1.0
52,0,0.1381669781383259,0.11711134180775808,0.3424271157622232,0.40695599724791554,0.3835717198746924,0.009276246985293755,0.0
53,2,0.41421176824852163,0.2907363897887922,0.305462718046175,0.5661743558836085,0.529984118196307,0.010211193621401302,0.0
54,1,0.09956383210408257,0.07677920456797915,0.2688781315794123,0.13559365436391174,0.12485464902928302,-0.0028279804366973596,0.0
55,0,0.1474002597340433,0.0996704408994013,0.1142321898563798,0.48797604643013265,0.4666572661831063,0.01079363340194675,0.0
56,1,0.1453351823615734,0.07194640851238221,0.3681917050301262,0.16401973107316292,0.16042004690264536,0.060131684319639375,0.0
57,0,0.32630496300708667,0.27838561040724996,0.36781474331983577,0.7890527551107864,0.7984284622519305,0.0038062538539660254,1.0
58,1,0.18534243292531122,0.07608279451807443,0.27906701561282976,0.4923757115502694,0.4912933562724243,0.019605110598744778,0.0
59,0,0.13143397622449718,0.03897695988494149,0.1794410648397885,0.24409689649859623,0.23662189791917773,-0.0019054128959209576,0.0
60,1,0.37168301950694355,0.425081156659215,0.3327210402297659,0.5492091924107839,0.5631292118903045,0.21191523550663233,1.0
61,0,0.3112581212370662,0.2626136653713285,0.25332297368224654,0.7657518784058182,0.7755054385456353,0.7154506638979446,1.0
62,0,0.21106561006717695,0.1473282435743963,0.25401492302171325,0.3113623842583356,0.31174464908053057,0.08626096942800769,0.0
63,0,0.24717293817563246,0.33340335205906024,0.021701170712413426,0.4545201168676064,0.4845953442265966,0.04056979978210402,0.0
64,1,0.3156679630389868,0.3741750545062257,0.48139894281914275,0.8132087264692858,0.8438737062242745,0.6642525654340345,1.0
65,0,0.2959845218026822,0.35755633905672646,0.3563750962779099,0.8410509272931582,0.8443379699822999,0.36495578123714667,1.0
66,1,0.15752493222171282,0.12858166651756708,0.029086512933975132,0.7106758418521787,0.7114034399834123,0.07340621505174345,0.0
67,0,0.3030058317187715,0.3370426350054123,0.18287344903551736,0.7531228780833958,0.774782569763967,0.7861354225133812,1.0
68,1,0.33688244156162106,0.19425908102275796,0.41826273068355696,0.7845318523839634,0.7876351916448482,0.0816582160241148,0.5
69,0,0.16309767770998204,0.314289920935576,0.4232853551508874,0.5283601938716791,0.5719891118302638,0.6873658520753669,1.0
70,1,0.09465268272863347,0.0387733674319722,0.2845681686952678,0.24685165785326138,0.24937634686616503,0.0498622396479456,0.0
71,1,0.13238222007702655,0.04441290104693911,0.43412639995049984,0.1293547960655871,0.11935044737704378,-0.006763024273826877,0.0
72,1,0.1745142709751202,0.0756876205699644,0.35644612643792545,0.27737088944998495,0.264915436904635,0.015411928060461596,0.0
73,0,0.3328279958607827,0.30163971305908055,0.43718964512824066,0.5437968571459769,0.5470301340494543,0.1423615259572794,0.0
74,0,0.2626560975936412,0.2657297205253758,0.229863638350779,0.5182379581156998,0.5235308491534427,0.08368325569144486,0.5
75,1,0.2593176386439663,0.248953158702769,0.22044911444692458,0.6137663654509495,0.6133550905775513,0.06654330238046753,0.5
76,1,0.14638305854760758,0.16025464307710974,0.2138516622393672,0.5759608903285915,0.6206026906818486,0.6203101174295085,0.0
77,0,0.32739889630210744,0.35922924581325355,0.16000462561048823,0.6356468421887642,0.632040845714992,0.10699910199543708,1.0
78,0,0.149069259466256,0.05719304930315493,0.1706392133975798,0.12419839595989438,0.12944332142627202,-0.025467865259506388,0.0
79,1,0.06296082437382164,0.012595724082739852,0.3518754222176155,0.1318387313727745,0.12698207982983173,0.009004337556673278,0.0
80,1,0.22497741201419416,0.19209344298523684,0.23508023439240877,0.36513827443815294,0.35007284162146163,-0.01468632605171062,0.0
81,1,0.24524450094251615,0.26749687847954584,0.18707273980593137,0.759968670838041,0.7814109898042669,0.2652925657654205,0.5
82,1,0.3134025882481428,0.32430351505161265,0.36292183701417313,0.7214448206438137,0.7284788541620311,0.5472985144587308,0.0
83,0,0.357707873710998,0.3150400727588332,0.33985250150176094,0.7424057309071342,0.760597185725566,0.6494777063896202,1.0
84,1,0.10455368905861061,0.11297022661264776,0.250116941267708,0.104630308289253,0.09697674559823932,-0.00780917743676917,0.0
85,1,0.28627738216909204,0.24449753530419605,0.24096272069223795,0.3213661096397199,0.3150012019380811,0.040341457213648624,0.0
86,1,0.0669150361253841,0.039289087663355926,0.3806335075319559,0.23823267522931826,0.2368331462243154,-0.023791580681749712,0.0
87,1,0.048902786737456766,-0.011005017956990751,0.36986158404948094,0.1303210928957217,0.11972357278846088,0.010220170694057326,0.0
88,0,0.35224087377175683,0.3568137303533341,0.2919936801522148,0.8268748800588646,0.8351388611016904,0.5908358514414103,1.0
89,1,0.22223826745072223,0.14961076021263883,0.13980070315234644,0.2830736767553346,0.2721023381639234,-0.04471956605264371,0.0
90,1,0.21946638252674605,0.12871829847898317,0.20383551586293763,0.7555137258651283,0.7545259208450492,0.37795779203680746,0.0
91,0,0.4062771390821335,0.5315974191715116,0.24308756433920756,0.9061615790319191,0.9183742393411807,0.6468132767962319,1.0
92,0,0.20997486536241633,0.1835555779109308,0.1759600151190456,0.537978939806758,0.5349038323233541,-0.04051534252383178,0.0
93,0,0.26469871424513003,0.3128297457624824,0.5611734324871516,0.6243954180812881,0.6696833022790426,0.5562441414918482,1.0
94,0,0.3368906779764712,0.3727764622556571,0.3321360389276917,0.8200376285623996,0.8333265948627162,0.6912540105542633,1.0
95,0,0.0944376817888991,0.06863909164371337,0.49842241195928966,0.27297573670700287,0.2699529721797648,-0.013055358327687665,0.0
96,1,0.08745829173354851,0.08275329414452945,0.1961635993384632,0.2507758515333741,0.2494522179695034,0.03251384401024022,0.0
97,1,0.07205289897943866,0.008934992747360829,0.2060912146238861,0.32114711950898867,0.3133202428882905,-0.04262323748305849,0.0
98,1,0.3329124283530915,0.2690810390405265,0.2508006192262313,0.8259473311777756,0.8267459500448717,0.17106456954212582,1.0
99,1,0.18908967421770906,0.17037058231414323,0.35671624221001164,0.763997013715985,0.7650057518711493,0.09551491279521646,0.5
100,1,0.06427628463710076,0.01548056110902361,0.3553920951324613,0.34392901658990344,0.3294865017208543,0.005444392197838729,0.0
101,1,0.19456087707343953,0.08972879066366339,0.27892031096548286,0.22377640019444028,0.22242535978651157,0.050517028912663256,0.0
102,1,0.17632220980589797,0.12107178252947244,0.2963595822669798,0.5154615923419035,0.5015000694217245,0.06147960588606638,0.0
103,1,0.13817294618871206,0.14016689171856758,0.29222048177839155,0.37216605163232375,0.3628246280020259,0.035099930776952074,0.0
104,1,0.01759669910018801,0.002784109073826249,0.546127022610341,0.1532242531213963,0.1470858860788209,-0.03739132007928887,0.0
105,0,0.41448489734610294,0.4039534994430239,0.4055751700896734,0.8378107172734659,0.8383513235393482,0.4340219797117403,1.0
106,0,0.07324049762096022,0.13335093159666989,0.25979953119245347,0.5656277375293459,0.5638560778321118,0.061941569279383664,0.0
107,1,0.17162784999488542,0.12968082260020353,0.4632953941446234,0.537178368577889,0.5263862360742556,0.03123448030378568,0.0
108,0,0.41059638247676733,0.36201862793039713,0.5139357337456117,0.787494903373057,0.8326699403511988,0.5901744190503304,1.0
109,1,0.10571029953012429,0.13277482090209686,0.23327765958673657,0.22565080302582408,0.21851088598079277,0.06036099764148668,0.0
110,1,0.2009267078015176,0.13417255567210243,0.19106504720151865,0.2811940265129145,0.2731417426726654,0.025926326197644452,0.0
111,2,0.2344519234048052,0.26047899114504774,0.3630242994976355,0.5488899229450206,0.5337583698358583,0.11116665287154595,0.0
112,1,0.13510723167973815,0.03626306513064763,0.1828015335727783,0.14323093957570027,0.13460499227263917,-0.04315313224071385,0.0
113,2,0.2185672409086941,0.20578726606549633,0.3197545140152077,0.1432350793380569,0.1310316501114365,0.010083192952759001,0.0
114,1,0.19449955345249692,0.13050618474820275,0.4363109081338159,0.2127932016916282,0.19534069112556315,0.029794212772707333,0.0
115,1,0.24046190350132124,0.16844131974810733,0.37108307882772146,0.5941861376745821,0.5851718186243298,0.11770495251847266,0.0
116,0,0.2965337864332831,0.21131752091953532,0.22524615919389201,0.20938876182121918,0.1708842560988331,0.00976356390690116,0.0
117,1,0.20823217333531635,0.210758098395811,0.1544189025213851,0.5942714304487124,0.5923220132138077,0.019351276978971287,1.0
118,0,0.4012375700533687,0.36228390564720203,0.3671848792965179,0.814517420659495,0.8121783735490397,0.6935035342043103,1.0
119,1,0.1729975515397797,0.10572224182137678,0.06540083368590487,0.3482733447547151,0.3331848242810356,-0.0026025249664628674,0.0
120,1,0.14597273299724034,0.10236570181545246,0.25453658334911516,0.31183685097040614,0.29347984472846644,-0.0005847344764684376,0.0
121,1,0.14226483255480965,0.024731259175884444,0.41616777982596076,0.10898140949832008,0.10834561513664955,0.00431912273850488,0.0
122,0,0.4448160083471524,0.3735182393155775,0.24986896301495193,0.7961587627971997,0.8015440692196943,0.48554817322733757,1.0
123,0,0.2560798146388094,0.2607157243592133,0.15996689318795676,0.34787520156897367,0.33667090978192604,0.01959426870207932,0.5
124,0,0.14746921235155774,0.10402753163378745,0.3499099804966156,0.3788356990349172,0.3859456163093969,0.053747870619895166,0.0
125,1,0.3763322567463737,0.4121549960232138,0.2462883452109746,0.7141048188586699,0.7087513661576117,0.41573881220379666,1.0
126,1,0.06345748049582448,0.021731936642855297,0.27237754742411835,0.2722508676313857,0.2709233608753118,-0.05436805256758892,0.0
127,0,0.2591790374000402,0.24294520618100315,0.4205421496068076,0.6743941333212775,0.6852301835961934,0.2735921316257157,0.5
128,0,0.3279030862020521,0.3759119332920223,0.1964045141613675,0.8709414041677619,0.8898104921447257,0.8471490290408532,1.0
129,0,0.15341343399617247,0.07022996410837243,-0.025927120165722302,0.16745253462615636,0.15751982135235926,-0.02802292506030462,0.0
130,1,0.12780032363511623,0.038176935373903764,0.38566632256597333,0.38115691793993006,0.36621234234414846,0.03053289684962121,0.0
131,0,0.08101632847103137,0.07842488932802197,0.22357584992516522,0.2856969258839354,0.27693754603612936,0.0187261852737247,0.0
132,1,0.15884161698734683,0.14109862592003897,0.3839464224625979,0.2715973939709632,0.2649033095277588,0.0024765938482818745,0.0
133,0,0.18483362046872975,0.08041009935733662,0.3500173246336675,0.11997661569268304,0.11076315609769816,0.03210307963242856,0.0
134,0,0.11865787245189968,0.026488561368754795,0.17329750366981156,0.14582010040398855,0.1514218631441455,0.0029068124635658645,0.0
135,0,0.3797435669221053,0.3481008506022524,0.302566490437294,0.4159804045779723,0.5071855359622089,0.7986795310758901,1.0
136,1,0.17539565549252212,0.17815944612824355,0.21949251188308555,0.35779794936079495,0.35557230011025903,0.05761287405754042,0.0
137,0,0.16809909593745836,0.13619113885227743,0.2597716072725532,0.18385220872147234,0.1840576075544827,-0.02259218968875716,0.0
138,0,0.2911996069030315,0.27588576281324884,0.2443759532779523,0.7908447598275663,0.8113663936948603,0.4822007455541091,1.0
139,1,0.1456516996971998,0.15768573758395235,0.5101052436824631,0.3084672381934631,0.30930513817237215,-0.03508222902599135,0.0
140,1,0.1730073638490104,0.05603123813741519,0.6094687665969128,0.21025407486672523,0.20215970611435072,0.034083684246591216,0.0
141,1,0.4280416962265662,0.3998059646581331,0.13725601462126197,0.8791259324575433,0.8757177667652036,0.17274409418680756,1.0
142,0,0.11645564451294171,0.03469873350060473,0.06518055531992448,0.624573824769927,0.6207718741889472,0.02088460152668464,0.0
143,0,0.4513321143474145,0.4924371688467536,0.27622918089568216,0.7379922357798798,0.7808071377717969,0.6700790274885915,1.0
144,2,0.25291685253276225,0.11112586324797785,0.2575523652936466,0.7473516510966328,0.7455172397136953,0.019893813789313968,0.0
145,0,0.03495004523365641,0.009391007463734752,0.42740266690485307,0.24158869991673337,0.24849113509538015,0.43892568695324036,0.0
146,0,0.49111814642730667,0.544464389009814,0.3436803866606126,0.8679274725116217,0.8692745066470368,0.7504831982308133,1.0
147,0,0.39848309925512204,0.414479661404304,0.3360130100326578,0.8463897058704235,0.8668600932710288,0.7430540481317888,1.0
148,1,0.14483490249030984,0.050676841814386885,0.3938657061426301,0.10346502093830887,0.10071746379347078,0.042765939561740865,0.0
149,1,0.07706986338283979,0.025461985219897017,0.3640755908399913,0.10499125459957666,0.09515540933667047,0.012885146208919101,0.0
150,0,0.34203383307923113,0.22494528230500702,0.2829882906836375,0.6613878667132714,0.6587294716911845,0.5253764265627721,0.5
151,1,0.31860622204888955,0.34670235506812314,0.3839702277980549,0.8021903623080214,0.8402559171511998,0.6035603737345825,1.0
152,0,0.3681238855346526,0.41624515649173055,0.3500085547239904,0.7672332953793735,0.7932216759734296,0.042649843125330926,1.0
153,0,0.3603459306864431,0.3225750518064313,0.1241978204915211,0.7704715450424742,0.7711935164545018,0.38605644700715913,1.0
154,0,0.19782573487967875,0.26278435002801553,0.3528713418521682,0.4251322166278202,0.41543711912201176,-0.006442286934744218,0.0
155,0,0.34694947784950225,0.24918102983359958,0.45647603396690684,0.6744202781682817,0.7056061538300822,0.9140103118659715,1.0
156,0,0.34474986838818217,0.3164975127021088,0.28850417514020116,0.42497285052948863,0.4530610723675159,0.07331675190005518,0.25
157,1,0.095574050933075,0.04957342260617148,0.4101349851299769,0.23215350907860766,0.23363388870049612,-0.016798966304014597,0.0
158,0,0.11131064112868874,0.04616155323499875,0.38703141417692744,0.17747444015305003,0.16240177192586053,-0.0018131590161395844,0.0
159,0,0.3102493526458238,0.27137547789689476,0.4144860053634068,0.5603926097036522,0.6263852387760748,0.8008797865779596,1.0
160,1,0.15128124001296417,0.10242446606868462,0.2843411344448042,0.3253186871105024,0.34578884420339556,0.0417350355759917,0.0
161,0,0.3783265447352302,0.3478046755022789,0.37936034176462496,0.6986809622163267,0.736384354384908,0.4399027840676826,1.0
162,1,0.2149404924430368,0.1835075599797279,0.16829589592571276,0.6387857491413141,0.6718057308567297,0.8144946404669423,0.0
163,1,0.2908386174368479,0.3669551023974935,0.18242754386431292,0.7160069796322059,0.7316970435365601,0.02293563467143437,1.0
164,0,0.14574122852570798,0.13458698668226413,0.23719444822464264,0.5774920431146596,0.5757657071619261,-0.039422291453499625,0.0
165,1,0.37237687582412143,0.30317864590179366,0.3760160932480357,0.8225432131686369,0.8464611456748459,0.8677921562432458,1.0
166,0,0.4462207233449501,0.46692244520356024,0.41760513081983747,0.7554979628058817,0.7618161011924587,0.15658505073969914,1.0
167,1,0.315436930234234,0.17427776339022671,0.27381311095594063,0.6861494677019593,0.6951048532955144,0.1347661859080067,1.0
168,2,0.29379982579369035,0.2317822229942271,0.3808953149461256,0.29651941336323684,0.3204901192288583,0.26608353123871953,0.0
169,1,0.31356736176477384,0.24690965894339054,0.4778836415457649,0.7587337839683999,0.765002226976864,0.6470839788640257,0.0
170,1,0.317580960956728,0.4486940703808381,0.14090203812367647,0.6855773471714377,0.6572333339965745,0.2569818274488842,1.0
171,0,0.2202549725281509,0.08701187395792559,0.12953549525226277,0.32274236802949935,0.30282998979571396,0.02970299534629399,0.0
172,1,0.13720997547821576,0.14647045793743615,-0.09522689271124027,0.3516875593796812,0.3505725024958824,-0.0040793607233909745,0.0
173,1,0.037757101544321575,0.027213711584817085,0.3756489269670364,0.11789719932879586,0.11676529587197,-0.005653645434268656,0.0
174,1,0.4085206878806247,0.3814044046432693,0.4663088714273414,0.8218805651316935,0.8557320513984137,0.8542590682361408,1.0
175,24,0.36157087991909326,0.33981227737522396,0.1542549210268114,0.7489621201840752,0.7473046230633408,0.4105275604296635,0.5
176,1,0.3757191996479329,0.3762599349206639,0.3011016520665729,0.6709108288435109,0.6892009128817118,0.6702820006327339,1.0
177,1,0.21879538401320178,0.17528885523396417,0.16853159001545767,0.15077880640629046,0.12290600770910665,0.02150998318463882,0.0
178,1,0.04620744744208306,0.07348382602292128,0.3559022795631709,0.33188224627255963,0.3266826947404624,0.006097816540419982,0.0
179,0,0.2057814231083915,0.20228789088388682,0.3132622264702715,0.5277163373110747,0.5363674696328822,0.47975085579457205,0.5
180,1,0.46057126253302483,0.5109493524978497,0.5674334241741372,0.8218897315942777,0.858334860275571,0.8642436110502026,1.0
181,1,0.11364944534335572,0.07820728860651946,0.3840082507517145,0.3276960190324066,0.3198802538500774,-0.001742760185482591,0.0
182,0,0.3868769413081208,0.38692364658873024,0.31309242907965235,0.7730783037217235,0.7959466817641736,0.05765526998078842,1.0
183,1,0.29485039354048415,0.17235689338523036,0.03761343285913107,0.5298751319989385,0.5343410225883987,0.29527219436539764,0.0
184,0,0.23858115391370108,0.29098333872492305,0.24897167271663687,0.5431138487367457,0.5390342063757961,0.05451860821651634,1.0
185,0,0.25271539893604394,0.1618770384069857,0.385321445954059,0.12258393872147165,0.12193535025358249,0.0200804763006049,0.0
186,1,0.018160604815396452,-0.03796465683196263,0.38176496401250276,0.27377984619687623,0.27254500373776536,0.04229500655421001,0.0
187,0,0.3462983600103623,0.43254429419518076,0.5557672529274783,0.7191284465350603,0.7530746361972416,0.7470576143218197,1.0
188,0,0.19101023736404005,0.2151104934397518,0.06551497592131697,0.4434521159741516,0.4324631319707889,0.05703027438212496,0.0
189,1,0.37481500164281834,0.29157166946156454,0.2089027290889728,0.7321604030297373,0.7651530012451467,0.4302435292997978,1.0
190,1,0.1219291563218327,0.10431069910393471,0.396606065512644,0.15687453131478732,0.15232456192727856,0.0782327642785357,0.0
191,1,0.24520278836433335,0.22490918368310764,0.5005489931792092,0.7199638109582267,0.7228492033998387,0.16061748747814253,0.5
192,1,0.08256815414545395,0.12303669891837601,0.41985691366839395,0.30179218945668307,0.31608539713080985,0.22898319303350306,0.0
193,1,0.3511108216079591,0.24844327651565506,0.20911239786080416,0.7768102684905667,0.7740514447644747,0.060767652127059785,0.5
194,0,0.09912964464540963,0.05089463034307113,0.4175196194308095,0.2453482942930546,0.22688012818584657,0.001447017989607096,0.0
195,1,0.29532138789792606,0.29727057043708827,0.3492646632834447,0.7248547462831898,0.7489630848859401,0.336123795008622,1.0
196,1,0.26608816142155495,0.2442311848344955,0.4201208179092522,0.6624160862429539,0.6738617256269585,0.4260336150866873,1.0
197,1,0.20224730339331654,0.06680203243962253,0.3402832863495602,0.06688390134979814,0.06620422774281878,-0.00027418025558476923,0.0
198,0,0.4028656814151367,0.4210973460993448,0.3716292427849714,0.6973740672453992,0.7506536908470363,0.6649780976275768,1.0
199,1,0.10731543913577843,0.07367193736778944,0.30163993932022726,0.11314772571478547,0.09717293050715817,0.0030855313419880133,0.0
200,1,0.1462535185772099,0.06302477538376001,0.2773386965889051,0.11454418076413823,0.10452096739155309,0.022601216471265277,0.0
201,1,0.11414703860307929,0.13356489954703962,0.35970583555677826,0.5151281276074274,0.4994130240560358,-0.04259383287915333,0.0
202,1,0.40990609603670836,0.3145585625357295,0.39901995412021224,0.6255136724852841,0.6425801241139103,0.4174984568520088,0.0
203,0,0.09339413120605847,0.047039489636186683,0.07213653647882265,0.28627139282404807,0.27351157124320147,0.0006657832913392597,0.0
204,2,0.2489709551965431,0.2355368578566285,0.4758494294079707,0.09262964297708343,0.08553590120567567,0.028005183945128898,0.0
205,0,0.16107764675303704,0.08180933223722114,0.2950441400364825,0.2048308980685043,0.21274020190916626,0.10769644124649895,0.0
206,1,0.14423485361784077,0.12959667532842767,0.35075802775694265,0.2586015674207834,0.24099295276257326,0.03789696138148655,0.0
207,1,0.26918005293412456,0.29829202532746,0.3266553675716294,0.69304012244657,0.6842860464230195,0.04597834624711469,0.5
208,1,0.19448016353544612,0.17896924767284503,0.04034832169695984,0.16293069023618628,0.15761413841862743,0.0028760494739246065,0.0
209,0,0.24370581412915218,0.21828558705640164,0.17811092737374062,0.15031983281974934,0.14263661929343674,0.06317496968031046,0.0
210,1,0.09479687803041534,0.08409432438663776,0.2940991795719484,0.38349236800617476,0.3809174768797793,0.048211009427672355,0.0
211,0,0.3483141376226062,0.31818560929071804,0.47421168894759524,0.7583141580556882,0.7905005701945089,0.652241173360329,1.0
212,1,0.03893661529375805,0.06842870812793807,0.12301346423286641,0.2671023487221371,0.2615868265380859,-0.04283917484787135,0.0
213,1,0.13931345382841456,0.14719252202142988,0.22670615484894938,0.3051745243541566,0.3010752326061604,0.015720819690224156,0.0
214,1,0.20293904328714107,0.0807278863753624,0.15785483372683828,0.3964238854754706,0.395878288980079,0.018571339545116843,0.0
215,1,0.12886492954418152,0.14258765302648424,0.22190578149269094,0.22814755925894992,0.21492672463739879,-0.025438718140164542,0.0
216,1,0.16159062726109386,0.1423833809177379,0.19783861026142366,0.24524956243033125,0.2383713807589305,0.007798692545488926,0.0
217,0,0.3794007180788966,0.3453197313010299,0.5009381464711805,0.7471545182569924,0.7918422743745792,0.8073423028137017,1.0
218,1,0.1374990146992754,0.10973121750065956,0.36439044713070523,0.18064151824147467,0.18174337686632316,0.0014144714511708303,0.0
219,1,0.509753083213391,0.5945653861561643,0.13306340596250843,0.820298558642239,0.7975004734647716,0.18365525569428925,1.0
220,2,0.25372031259522027,0.18924234572486578,0.24534428775171743,0.5897194737642742,0.6111671935544936,0.32594456207539435,0.0
221,1,0.09493945127629645,0.0690500834694993,0.18470168592244698,0.26756026009302647,0.25337641726968535,-0.029464110823667174,0.0
222,0,0.27323936421246375,0.2401379247515889,0.3902471953343591,0.41797101667522196,0.4209731787736336,0.0668740943447586,0.0
223,0,0.3300197120490527,0.32982224041412506,0.2662078998314167,0.6146999309960967,0.6815903210857178,0.8243446083020416,1.0
224,0,0.3040923406841872,0.31216483869862555,0.37884781882323687,0.7118870417002303,0.736692288719595,0.6356264722261596,1.0
225,0,0.30396207930954255,0.18729671384616967,0.19257616971102548,0.565765095851039,0.5996181964721499,0.03585171085240444,0.0
226,0,0.11617109195749896,0.014877212509467448,0.31852005101458947,0.20203532562038395,0.1980251505600646,0.021050192437965656,0.0
227,1,0.19791448508924586,0.1089637576944889,0.3368206051362723,0.20890163881034862,0.2056585130370732,0.25846161905544107,0.0
228,1,0.1585639524637521,0.11340685222065881,0.33969991286997075,0.16163660881085623,0.18493617157321615,0.09221772515287312,0.0
229,0,0.1558132998848648,0.06121951275398948,0.13593541709408596,0.16331485669412693,0.16451230472024275,-0.008614068658494931,0.0
230,1,0.31515628368658716,0.24754749257100928,0.22792568364199425,0.682675959040818,0.6886581286441328,0.7955301442245128,0.5
231,0,0.3984036724502059,0.3900516779256315,0.14648779324878086,0.7086363311376612,0.7021697339370245,0.21285767522520307,0.0
232,0,0.33261081987168334,0.3112635237157475,0.18045298664622936,0.7320139884092628,0.7299523724439296,0.5112886066206492,1.0
233,1,0.10703609938399479,0.06232683573681455,0.21712484216612415,0.24612554863039637,0.22616309914569876,-0.0073977173649498115,0.0
234,1,0.10567516864653614,0.1148721942815937,0.4289794660241267,0.2108225634524355,0.2154517941289522,0.033979335861350754,0.0
235,1,0.20510587249030843,0.10481463330876571,0.2923686964558285,0.25860519144724525,0.24735728491960524,0.0607440949872639,0.0
236,0,0.08165655471813413,0.09146439370217,0.4480431972161466,0.4832227378331859,0.47113808423267983,0.029960395485030895,0.0
237,1,0.3170052370777243,0.2712937101096401,0.13135671805082488,0.6580920578131004,0.6866700472538074,0.7740492309858205,1.0
238,0,0.13607944204550682,0.0920531752746116,0.2031862581508488,0.14537899653624833,0.14082175691897117,-0.008954345101778595,0.0
239,0,0.47374289714623763,0.5067582094641445,0.2911925460825411,0.7460042453287634,0.7729511393099928,0.7909903320615286,1.0
240,1,0.22803910883228837,0.2276337688458431,0.33320114901977194,0.8173524441843244,0.817935941854663,0.04658232399528525,0.5
241,0,0.35366413137328634,0.3854214229341345,0.4381562644963086,0.7851993840644975,0.8144875977383936,0.9294133957241788,1.0
242,1,0.181339435851507,0.1562192473053201,0.32584130024112273,0.17651622175528428,0.17134877617484426,-0.009662741777976297,0.0
243,1,0.2747478141779814,0.3124686956389779,0.363467845700494,0.7228247372447396,0.7664069054795387,0.4231944944755208,0.5
244,0,0.42213670937928593,0.48439579741753397,0.22283670220517696,0.8328227178392676,0.851722952012621,0.6641235737867788,1.0
245,0,0.33442624843913,0.3373429187321081,0.45360011144384516,0.7295867468748711,0.7226964577131021,0.3966170067442876,1.0
246,1,0.24556368423559993,0.26435917103051165,0.219951415726351,0.34100749780413026,0.3426264691471113,0.06513877978671748,0.5
247,0,0.35500405512187744,0.4774819645233759,0.28576541806735456,0.7616129147604094,0.7696469274052021,0.42620539842193705,1.0
248,1,0.07816895240762009,0.01322954594232122,0.23162699461468578,0.16828971889476124,0.166937262070188,0.007758279798022141,0.0
249,0,0.39202325670431315,0.36404934956453006,0.18733178389788196,0.7102388543542477,0.7197994350260976,0.33913626507347805,1.0
250,1,0.3221794414844091,0.35296951268403215,0.3201385121774465,0.7539117618749991,0.8098499006034034,0.7490925141133374,1.0
251,0,0.37582366142884205,0.3230711681222612,0.42783817942070895,0.8518890993515549,0.8680412990222892,0.5218064934948546,1.0
252,1,0.3855120198213066,0.4019274720770094,0.35467399206215244,0.7253478252363019,0.7496963443010727,0.8251218575998442,1.0
253,1,0.10091291316324513,0.04279480214441855,0.07484588209815304,0.16885876663930854,0.1593210214041016,-0.00031017703820789694,0.0
254,1,0.08950654013429679,0.06459837571866367,0.11291629001305291,0.32158860732205896,0.3038659956805446,-0.00816044054768955,0.0
255,0,0.283509544538153,0.394792318616779,0.333636514877778,0.6480809714544076,0.7468259885761004,0.7698459063733339,1.0
256,1,0.11635367462523469,0.04880844511742816,0.2725394815112758,0.11739113783957224,0.1205880027643843,0.016683982126965195,0.0
257,1,0.03926612658142441,0.009982714960338299,0.00915934240444648,0.07634322823983795,0.0714133055308635,-0.004485344347772993,0.0
258,1,0.3525155616765113,0.2910697777795942,0.23713572322605064,0.7252419938246761,0.7449448470979123,0.5364681129342215,0.5
259,0,0.3806418454368702,0.4042782335896118,0.4075672125293788,0.8047355280633244,0.8345982703633321,0.4694882311881014,1.0
260,0,0.32205814562037527,0.3103908898394093,0.43289606320677193,0.7634724306451774,0.7729468298585448,0.9617160576880602,1.0
261,0,0.09309415989606619,0.11119923568444745,0.31864704552762474,0.45576462574166865,0.4471524186466271,0.012014555600900263,0.0
262,1,0.17279470785908702,0.21685349911800084,0.27016484133164115,0.2297124141514231,0.21551201262342862,-0.003981695756258917,0.0
263,1,0.25754376640537013,0.38768241677751325,0.24962367286730003,0.7467432801000958,0.7806276625846815,0.1258801562352471,1.0
264,1,0.16386712429966824,0.0885171395741566,0.45801967475935274,0.42293903016469303,0.4039914354715729,0.006060971119914894,0.0
265,1,0.13742400430744683,0.1113579835176235,0.11685302771159942,0.25888648451009294,0.25034268533835796,0.007597316968293421,0.0
266,1,0.16454635116558727,0.12934893877148218,0.28375401119438287,0.1650202628300934,0.15472522522774534,0.006482129818078832,0.0
267,0,0.4622534429510412,0.4509383769767865,0.4248043027342806,0.8681507443514958,0.8713185918817523,0.42787127627205396,1.0
268,0,0.3042353638929238,0.32751606504916486,0.37529472590779367,0.6555961802841002,0.6854452448063633,0.5264575304885102,1.0
269,0,0.23551281379425015,0.3926691857758535,0.4146712786262493,0.7542942165245855,0.765529579269909,0.6866256161194277,1.0
270,1,0.3133125625380856,0.3344815641738904,0.06290597992416666,0.8160594062105292,0.8314399135179311,0.08395170149029124,0.5
271,1,0.06488054483579768,0.06509255441190512,0.15754363278092828,0.34944094320111413,0.3459761233714387,0.005086316432047169,0.0
272,0,-0.03168328079145589,-0.004297351124105307,0.3105667653234203,0.24767497155210952,0.24361906677550546,-0.016871303000452517,0.0
273,1,0.38002485983082174,0.352050751990613,0.28410582307598076,0.7524039240782551,0.7528079215275585,0.6216053175244215,1.0
274,0,0.09252809874259572,0.054501979028623526,0.189593442584154,0.22596958773834333,0.22193537170833413,0.09580011688635615,0.0
275,0,0.15637303782799697,0.1656197569931583,0.303360690430487,0.4468151408817672,0.4597013184176425,0.01061869748473675,0.0
276,0,0.13912071021426684,0.13896596528056274,0.3060616008450512,0.23638828301934667,0.23237647394832886,0.04771079261480039,0.0
277,0,0.10976868283821015,0.05729565106412225,0.2363677953606194,0.2831116750188842,0.2772789910475378,0.042232573424154166,0.0
278,1,0.14019375142285698,0.09762511830393147,0.36547968427806443,0.1561805255515833,0.15173294606311616,0.00016408662456296984,0.0
279,0,0.18559696387650632,0.07295531749694936,0.26469863784610836,0.45436594654660667,0.45154246912906937,0.0029376275743207628,0.0
280,1,0.15074939824197892,0.1439215394373525,0.15364668792039926,0.3872450153388479,0.3567399666502611,-0.06236354437657897,0.0
281,1,0.3798258075195258,0.4036437885162144,0.4214431405205858,0.7343612271963598,0.7708622644848704,0.7566098302845542,1.0
282,0,0.45129407465845595,0.5550276022103519,0.5284889738808132,0.8179250772585794,0.8614014687927068,0.7712042070136251,1.0
283,1,0.15157354704278736,0.12031227516914109,0.4453831007090927,0.17207513855512646,0.1673664768644716,0.04894532072851299,0.0
284,1,0.049898727387398575,0.07999206997053636,0.2285993226601352,0.3918402566205453,0.38043629835847925,0.01141198924060621,0.0
285,1,0.32753063521813536,0.23027522023348113,0.05733537260919454,0.5308990253143917,0.5156453535981926,0.03925175886708106,1.0
286,0,0.3416297127390019,0.25557204778052384,0.2591321547396235,0.5218971882593486,0.5078113032021714,0.028433977397206402,1.0
287,0,0.12688225207753076,0.09555277861013318,0.3171672144397435,0.457829389266602,0.4547647769954167,0.03384630408918914,0.0
288,0,0.34360591158525244,0.24852469444252598,-0.1419752596520013,0.6592631199867496,0.6737258903082765,0.230967790449354,1.0
289,0,0.3301896263264492,0.3362664390547006,0.578020943428078,0.7011786989588396,0.7054238572100886,0.1194068984543468,1.0
290,0,0.23055800305113575,0.24759320408037394,0.17864597571070737,0.6334869540323531,0.6339900150538258,0.07278120834006573,1.0
291,0,0.23215818184433082,0.2594999209030827,0.38754398616485763,0.5806485114524018,0.5858686728472307,0.3605770144002831,0.0
292,0,0.398249400570151,0.3782149721818564,0.3386671013846525,0.8458012511556062,0.8590098310585665,0.3943562066320233,1.0
293,0,0.4026968639069495,0.362511408653436,0.32475205234989435,0.8333303440162132,0.852985102729067,0.7304042274180836,1.0
294,1,0.32189496969292863,0.2835942716566812,0.407139012189066,0.7578057220169274,0.7489348646056839,0.09267793398722078,1.0
295,1,0.40107533070597434,0.28686211179026555,0.22068456667852437,0.8574038254949923,0.8631160522525272,0.9576967754610125,1.0
296,1,0.3080702628097903,0.25240038942317944,0.39249981301700776,0.4555111544141422,0.45170731501522116,-0.017557553942770338,1.0
297,0,0.3703362307882675,0.35648121807871724,0.12692407930783728,0.7040400801922484,0.7041831522379784,0.059778861078513774,1.0
298,1,0.04151682420221217,0.026287942747847556,0.23147101869850897,0.24744767161296266,0.24052013503992306,-0.021846205403001934,0.0
299,1,0.08228298770901021,0.06113468042347044,0.14773678280254277,0.2741685524699629,0.27346348121436176,-0.01115216177600676,0.0
300,0,0.3320852980112959,0.35492720559119006,0.39939175295311324,0.67814708462278,0.7057055274745169,0.2990020333604536,1.0
301,0,0.39465445858090864,0.469849907295844,0.4270742885197003,0.8642118076601345,0.8669264597011126,0.1372782374039257,1.0
302,1,0.12380379298536183,0.19207549545962482,0.3426593556366399,0.3836831226979928,0.3794014126065683,0.004552387269790747,0.0
303,0,0.11511580948398044,0.1478962461670181,0.39255047731093684,0.3119137304849117,0.2990006192296629,-0.021543474662457072,0.0
304,1,0.15193302453683286,0.1879876316132872,0.44046409641954615,0.13580544946806772,0.13487797246753014,0.037340239434353675,0.0
305,0,0.21743268131276725,0.1492607634523212,0.24436268735876593,0.2479940127065723,0.23435021574693213,0.002216479996509823,0.0
306,0,0.25660004442238593,0.3332720567541711,0.6340434458630075,0.6193310812233379,0.607259435846221,0.015885072336760557,1.0
307,0,0.3333062128211184,0.3514908887248071,0.302770649737149,0.8141010059783397,0.8208380535574252,0.4624828309865633,1.0
308,0,0.21350151932152056,0.27205933754737865,0.3448916259061716,0.5968928032274852,0.6093635789007772,0.09364137873850409,1.0
309,1,0.44116247590571256,0.43241267802557803,0.35079391812854654,0.8286523790445369,0.853641607328337,0.9079773468135643,1.0
310,0,0.1526969659237678,0.14823651232860513,0.27704098352383105,0.31895944022259565,0.3098508146669694,0.009119370791078732,0.0
311,0,0.42167187752791857,0.40855131561182534,0.28881164630422185,0.7237303559217623,0.770150094315892,0.8106558404044946,1.0
312,0,0.04441163999668031,0.05140773988238343,0.3551518535508772,0.10218700006016287,0.1034902341016202,-0.008501190232594425,0.0
313,0,0.3160552405637006,0.2322820539667525,0.17217254950121036,0.550826635804089,0.616970397818135,0.7233255062588342,0.0
314,1,0.21545974649621358,0.07585849013630357,0.25416405574698264,0.3015564280580223,0.2902686798958262,-0.02660718945247054,0.0
315,1,0.3461330448920117,0.29016066423289844,0.380149628026571,0.5441962389463444,0.5870108902994016,0.6022857460367834,0.5
316,0,0.38187722953390557,0.3217660830411875,0.28336536087793174,0.8925267302896327,0.9026495663940265,0.7260823713801084,1.0
317,1,0.30958325889861255,0.4180686521185569,0.5111227025533713,0.8691015866540421,0.861502648137353,0.190843965653618,1.0
318,0,0.4185729123146832,0.355124383297317,0.3011804402433066,0.8940462790295564,0.9003037671346443,0.8080788564771594,1.0
319,1,0.134830685093724,0.14384904607514062,0.2538373496649402,0.13459376216657631,0.13987920648167748,0.05519820689201495,0.0
320,1,0.19987728920929404,0.1461652636606215,0.3736061639169586,0.13652294156361428,0.13227620818429625,-0.0020159214117152074,0.0
321,1,0.2258740831211051,0.12730874779421414,0.4728772011286009,0.3723873698689566,0.36591676219298175,0.011784458611559166,0.0
322,0,0.2843020673075789,0.2468504071501802,0.47355024346942876,0.5186164974452484,0.5571498994420372,0.05008484853620867,0.0
323,0,0.22516590389178287,0.20451623778489053,0.20660714429462107,0.5854985347434767,0.6128316032994942,0.2452642277407064,1.0
324,0,0.337906920789206,0.41173249651886273,0.3482066399388558,0.8110553560630909,0.7988404074807468,0.455374927334424,1.0
325,1,0.24565382448915374,0.19586256484680667,0.40644587801289356,0.10546631246367888,0.10500936052435178,0.00011501022170498816,0.0
326,1,0.13629927188648447,0.13258374284502777,0.30076966816122136,0.40734311086369474,0.39879335035556535,-0.00198110165601589,0.0
327,0,0.3965736489437502,0.35572331571464,0.3299213900577684,0.6226792444489645,0.6190707845536911,0.23862885208458448,1.0
328,1,0.09002406497580939,0.04719371140172751,0.11980274204654934,0.35863952412345174,0.3473712006119972,-0.0274273764141004,0.0
329,2,0.2809345510899445,0.242950814599889,0.3289471472097517,0.5413251588719816,0.554872765453253,0.392628687744041,0.0
330,1,0.30585710392528753,0.29958340224618896,0.38308087976149946,0.7229475211511859,0.731216186751033,0.24025684064653244,1.0
331,2,0.37620284058570064,0.234212744961975,0.3823533716327318,0.0879452468039152,0.08997379279168982,0.0032026327443298794,0.0
332,0,0.17391821555248987,0.10747832682670329,0.25198055452264645,0.6008119853604317,0.6093545301705153,0.05346722446749948,0.0
333,1,0.26818279441351167,0.23078335181276055,0.2645116665143206,0.5283685179907894,0.5328979028012507,0.1626868807261333,0.0
334,0,0.3543665660221833,0.373721924269894,0.3793799263670655,0.7287732333987269,0.7704042646259646,1.0000000000000004,1.0
335,1,0.16549535714583927,0.09305424991970318,0.22836744845410922,0.41064501003197573,0.39171653831910114,-0.01749688272441261,0.0
336,0,0.3138938112143673,0.2380176439227424,0.28530328096080015,0.7541487855246194,0.7552203578554652,0.5730042463563021,0.25
337,1,0.13527900132466197,0.1340624519124401,0.38043915041504217,0.31103952720470157,0.2864434354008508,-0.010381402456126437,0.0
338,0,0.1639362580933062,0.09941591549320515,0.17976874675734839,0.21423576134413608,0.19795864742305178,0.02703328648069335,0.0
339,1,0.167997730234272,0.1895837747698786,0.17289370684415473,0.28499854031791183,0.26389666661918376,0.00646614174592515,0.0
340,0,0.48931973624901476,0.48574812531198247,0.3399295583766005,0.9017961586425822,0.904514154547204,0.3826033065354669,1.0
341,1,0.14239742957375448,0.0825205756177418,0.4215068667031283,0.14259770107455627,0.1387680756607712,-0.0749904693068246,0.0
342,2,0.2712178304180146,0.22589170557111599,0.4100480496025454,0.14460500419047273,0.13549080909899242,-0.01970664343929555,0.0
343,1,0.25337434177048845,0.15499068603727964,0.2538221430823495,0.6863105900736195,0.6837961393436955,0.019046536651513842,1.0
344,1,0.36694099542482894,0.2977089636311965,0.40521840197050873,0.7323112688986964,0.759794304311312,0.5894516299089,0.0
345,1,0.14098145894443345,0.05704888990392526,0.2282122144109409,0.16311373147830685,0.1504284932935407,0.0027305366532005652,0.0
346,1,0.2654345269891034,0.28235526504371955,0.26445829412348654,0.7204036000520547,0.7587025690725981,0.5754865965730044,0.0
347,1,0.1749051363178335,0.1517367733061731,0.4578390860459627,0.3943308411489381,0.38567780431323206,0.018635349748650453,0.0
348,1,0.1154874300845187,0.07091283360275485,0.15103313813461988,0.09416426557256659,0.08959040636241952,-0.004239375044384281,0.0
349,0,0.35283859487336305,0.36136609335620806,0.16285852860852745,0.8245191090007156,0.8378795044786002,0.8275522374470754,0.0
350,1,0.16279955503646254,0.14046790456601616,0.28507513808110985,0.42840255872807986,0.40932442340078345,0.03322315504370899,0.0
351,0,0.13302585299633862,0.11400849560438427,0.17179922541065976,0.1074323668741285,0.09246312480390526,-0.0029861167429817703,0.0
352,1,0.09932055934532807,0.10636610463876,0.16793770762388915,0.22805745955278034,0.22205526949747018,0.005442967878573566,0.0
353,0,0.5086973499916609,0.42169620312811196,0.43322088180340224,0.8198697981882276,0.8298748157626359,0.9581450081456523,1.0
354,119,0.4012608101571904,0.2978162002562657,0.32662541275123347,0.8487664299818545,0.857420844114584,0.5722460241095191,0.0
355,1,0.1979124388671636,0.188423467452228,0.22541529308431402,0.48272413046201035,0.46686011035998776,0.028115856934281522,0.0
356,0,0.3603641375385068,0.31684570758052977,0.4127052446890546,0.650358796504698,0.639688406747313,0.11065214673168217,1.0
357,1,0.2509373929694965,0.18417747965558462,0.23626324910042062,0.6309387578205414,0.657615330913176,0.4659303975053637,0.5
358,0,0.14689508784251637,0.0838025083757766,0.24124066670297387,0.4235723846401642,0.41355744431634517,0.0050770568471690675,0.0
359,1,0.016642824575210984,0.0006763722562823623,0.2108099292308294,0.22065322412479627,0.22076533808662807,0.045440907290474224,0.0
360,1,0.08807280383443397,0.07603444019940263,0.3620592570364644,0.41447429580102946,0.41074238756814585,-0.013566397344826226,0.0
361,0,0.24227721009980993,0.22892250675182718,0.4557890893786509,0.38351359129787255,0.3601501662380922,0.08972437484528792,0.0
362,1,0.041754723477147586,0.035510952445349915,0.08598517251428603,0.3500397619738751,0.3481443844244785,0.026857559623802485,0.0
363,0,0.3283150763275875,0.28204455294849046,0.32059821534946875,0.7900947070160752,0.7955422949698494,0.5207670036524294,0.0
364,1,0.47904363346311546,0.4210803568553251,0.3383803682333425,0.8677372752606217,0.8805431458108147,0.9776493498942982,0.5
365,1,0.24759529964828675,0.2604092930748426,0.27482329617814444,0.511516013594802,0.5345133874990252,0.25974358296593064,1.0
366,1,0.2678268861222102,0.2060498421481247,0.32306010405798036,0.6068417872908558,0.6114273352319014,0.45998351843810015,1.0
367,1,0.2429084921244651,0.30991061305905016,-0.036762265570588266,0.4554954041418785,0.49748631456592685,0.49490158908858317,0.0
368,1,0.39545921840452325,0.34793611532761554,0.26780740736834824,0.7163406227548056,0.7242910878372539,0.32854422965539815,1.0
369,0,0.36337453589208096,0.39862091099377156,0.39871548414268604,0.5921089088120415,0.6757518972747296,0.998184756103923,1.0
370,1,0.15184128436929586,0.1804303833589484,0.33664698595616893,0.49813560991681216,0.47159034209354905,0.14734483271316534,1.0
371,1,0.2980502432679344,0.2961294571923535,0.35292148259309586,0.708122015546131,0.7193961589093285,0.5147106040470593,1.0
372,1,0.1048022721219464,0.041217849425620824,0.24746090414184965,0.3191809386848968,0.3158664483011131,0.02097845446772235,0.0
373,1,0.11184556807882784,0.05135568423256438,0.522722399688536,0.35620315082628906,0.3506560989676034,0.017378278109683454,0.0
374,0,0.16090857559751043,0.1337157245993889,0.39025116287397554,0.20654540908588964,0.20749749584428964,0.01528349963204987,0.0
375,0,0.3061986689894397,0.28780682435988025,0.14554802520885185,0.6441493477923641,0.6397771301505288,0.038449812339559644,1.0
376,0,0.3460516770334233,0.3012743208126173,0.29025533178735197,0.645942234110536,0.6478138181601427,0.10678484043605141,1.0
377,0,0.3966456422804206,0.30067944693513804,0.27942885487310953,0.831398403565879,0.8353035425301705,0.33147042184156494,1.0
378,0,0.06654536234593034,0.03727459088250971,0.4342190381027129,0.1767132593737923,0.16423364770209192,-0.007270602144784828,0.0
379,1,0.10327340338655241,0.06174648686534909,0.09238742676677074,0.20435702850790707,0.19547638083892502,-0.00037058961169095586,0.0
380,1,0.11188202536885065,0.06890104903186989,0.22282740905080978,0.18737364509631116,0.17886126099996824,-0.00784402458616458,0.0
381,0,0.09596989135601966,0.09752360719587676,0.28092880623832084,0.16956639321814898,0.1796566731164999,-0.020948265603884714,0.0
382,1,0.09727156595801921,0.07520720972728362,0.29279577420194197,0.3043045215403546,0.2962906955521479,-0.02871125266620814,0.0
383,0,0.3908899846163474,0.30789135784021027,0.32472324455391477,0.8622431230180561,0.8755332672265469,0.536612084781508,1.0
384,0,0.24545424000214755,0.18198741833107607,0.4395640116274354,0.5025212890491162,0.49136830997906994,0.039837219832846174,0.0
385,1,0.47414596644435686,0.4915974143926646,0.2280474784293145,0.9026496565105053,0.9006013025780866,0.31919078704725024,1.0
386,1,0.16486395583130875,0.17715481784083234,0.18073329839210672,0.2653745036808614,0.26706358195753016,0.057905869919390715,0.0
387,0,0.3505744545776019,0.3330118141329851,0.2864952896193885,0.7718222081135392,0.7816305244290442,0.18820242874838936,1.0
388,0,0.3639796039946819,0.3988001613639184,0.3854193952863946,0.6991382170722829,0.7018705864622146,0.5648093075421268,1.0
389,0,0.3571753469833622,0.3408589021532861,0.1613420301285594,0.8175536597937625,0.8293053244200301,0.699464125269813,1.0
390,1,0.12562017132867276,0.11621051380961771,0.10872362103077912,0.21644004748202644,0.19635911772605563,0.021501357798052612,0.0
391,1,0.23986320579618994,0.15404582711653367,0.1572160758578651,0.5305079493478115,0.5474509095782216,0.4766862456223622,0.0
392,1,0.3906830902759571,0.3374158649614596,0.3545095679099447,0.6127990755019181,0.6342406129995899,0.671081870202377,0.5
393,0,0.3881171968304286,0.3995370690209681,0.4579151347706112,0.6975729799508585,0.7572938940385404,0.8145629633235536,1.0
394,2,0.30699334617811047,0.2679044978083847,0.2795242630361308,0.622410626745243,0.6432312797617523,0.6102884679819964,0.0
395,1,0.11335608940135561,0.11903218422314368,0.3391721971679474,0.1686758539915611,0.15494290849706427,-0.010270968927849657,0.0
396,0,0.3271390186402867,0.2176383196650617,0.2849013991912226,0.784434402428188,0.8059368185498592,0.09568662176891063,1.0
397,0,0.07767529123292048,0.08060568085559239,0.3743214706817197,0.2983482267439702,0.2770738698106217,0.05687564046055471,0.0
398,1,0.35147828160973604,0.31238291472501345,0.2334670608704898,0.6920815507093827,0.7153577555043064,0.11039347894027927,1.0
399,0,0.1933776084518602,0.2775163107885688,0.32479556984892655,0.6211698847156819,0.6361874818851058,0.34745099687907016,1.0
400,1,0.20656390188666712,0.24523387088828089,0.5640250422757204,0.3163485933318962,0.3282801722796364,0.14283856949637302,0.0
401,1,0.2788509346680839,0.29483192014087445,0.1789919990280535,0.42239498531771036,0.379556709056079,-0.05235245954949476,0.0
402,1,0.28792106545506896,0.26269218841157005,0.00883702349727451,0.6801357971347075,0.6710689214012904,0.059285532535521504,0.5
403,1,0.29468992159828095,0.22136338357406182,0.12660355007507818,0.2753338375855327,0.26252292050475734,0.050197272270249144,0.0
404,0,0.4857423770689113,0.5255167647284096,0.37715107139337795,0.8579560831384796,0.8799025173378047,0.5760746138722219,1.0
405,0,0.28612152270345953,0.3179735245048003,0.23383316594006592,0.6400793308507181,0.6945605235141606,0.5060600485773483,1.0
406,1,0.3743613671013033,0.36177352210857444,0.43358536901969624,0.5936110023901284,0.6264969067602331,0.040755208787867536,1.0
407,1,0.4622353520983011,0.3579796161100955,0.3329533596596384,0.7019078596968784,0.7207894587004451,0.43836164722736304,1.0
408,1,0.18907114253665736,0.12125711115847204,0.18576472323116439,0.18099000913410995,0.16489600673457233,-0.009741859868980032,0.0
409,0,0.31449958348640333,0.2334982884868146,0.3740187829830195,0.7319916946209762,0.747701030969113,0.7390123916067313,1.0
410,1,0.12831511216256225,0.06895073706609461,0.09178537467025913,0.09407226035055959,0.0837207281868647,-0.011692353768504743,0.0
411,0,0.15450548136487557,0.030763768536952917,0.22322497337456304,0.07825888865668794,0.07323379663158922,-0.023859058777989776,0.0
412,1,0.3787537695247835,0.3182451539031969,0.32940743117551013,0.7315248110171568,0.7597909247067043,0.4543038837641036,1.0
413,1,0.09781542059416799,0.018451036569332842,0.2135085197862262,0.1385825912554786,0.14043631709714907,-0.056969867793189834,0.0
414,1,0.30770780693936994,0.285879014103093,0.2474274494207561,0.4715822494115916,0.5085987388209909,0.5547028540535144,1.0
415,0,0.12443630254119224,0.05804246870934679,0.17311744763925704,0.182676992913082,0.1721321180285712,-0.008007976733692662,0.0
416,0,0.07588238429560812,0.0866987999683631,0.13368752663150812,0.2832935586964845,0.2735070074042257,-0.038481111898576885,0.0
417,0,0.35389777231934477,0.40815635387947513,0.41678298035238037,0.7447414583294273,0.8067591722477427,0.5300598941057478,1.0
418,1,0.31888836406478416,0.36471582936940894,0.26178093855499396,0.581938583508331,0.6615090696317202,0.5466549789671382,1.0
419,0,0.2637529064454686,0.17109621370611727,0.1483007028329457,0.5935469179325431,0.6126428546110941,0.5597348268616575,0.5
420,1,0.28681836768087643,0.18247602564758822,0.5402156493034715,0.5570236256618646,0.5741322567936998,0.35130189684003266,0.0
421,1,0.1936045088191259,0.10794005432430795,0.4026255247872395,0.5959059247896845,0.6072327779923601,0.4371433658963916,0.0
422,1,0.12733779650207516,0.15233292787367822,0.34578050945246697,0.7197169023003623,0.732645608670679,0.12314743379753644,0.0
423,1,0.3895017048475005,0.3354811107494071,0.24692903343874673,0.5026249970088843,0.5376563734036213,0.6974680231517064,1.0
424,0,0.2909028601882677,0.24808376833305734,0.13051369933015547,0.8372023214839887,0.8394156944076266,0.6463130258665847,0.5
425,1,0.04586129058807089,0.038996819759274576,0.1687894517022737,0.3240437092037959,0.31880891871920425,-0.020378979842540824,0.0
426,0,0.2547846824347635,0.18819358927753518,0.2839162585040682,0.6933762812249304,0.6919406427000271,0.0902980506900308,1.0
427,0,0.3596587590057896,0.3395670660098837,0.4235691251586797,0.46591826551965687,0.4853798544116658,0.3028658925519477,0.5
428,1,0.1616740539072769,0.11395611705651831,0.32681071119132327,0.3898224032305946,0.39870568219306984,0.03246364326878732,0.0
429,1,0.20448606573700506,0.16068881085452047,0.13712227445394953,0.47327635020362846,0.4431886085311433,0.013762314538882336,0.0
430,0,0.31461967507343935,0.21923387226736835,0.1911074673758136,0.8515826242614875,0.854723507659096,0.027845288569611944,1.0
431,0,0.25950621685682007,0.2620543290423387,0.1969423351215922,0.5411305879621856,0.5740519121327796,0.677352795100547,1.0
432,0,0.30041618351138555,0.3201596934041423,0.40624488689684257,0.651990126106175,0.6728131199810484,0.7367213064167667,1.0
433,1,0.2044196963255784,0.11800327114878359,0.3208967119654884,0.6223596145067962,0.6274118197869971,0.47852305839981973,0.0
434,1,0.1854663961104756,0.153316734119463,0.06092003251412767,0.17613651881791548,0.15444293366617315,0.005893649401113551,0.0
435,0,0.2610582147766156,0.2171497716300671,0.28757342497903476,0.8992627608455033,0.907287677656626,0.724881117664281,1.0
436,0,0.11702671501590896,0.09920768197972418,0.1743780045648064,0.2966252029568921,0.29549655028409255,0.05769920221865995,0.0
437,1,0.225610723941166,0.2004347418902912,0.09303777109652116,0.5686892741105383,0.5606766827671369,-0.011397874486357557,0.0
438,0,0.06630943094731107,0.026990862783396886,0.19260749295580115,0.41171884673033937,0.4034347752916917,-0.00040782495508597666,0.0
439,1,0.08769183599342968,0.08641900461337143,0.0001985012125562749,0.4920704024856768,0.4969397493588728,0.10123060354157493,0.0
440,1,0.35609804248931987,0.33107234505443617,0.381597255446651,0.6604403818384792,0.7244711691881852,0.8855482022002841,1.0
441,1,0.38340662589312285,0.4110750931042214,0.2948210587884627,0.7699304324957332,0.8173132258555916,0.24903819325052923,1.0
442,0,0.31467600825658304,0.4071196080069701,0.3291052173816845,0.5215122268965059,0.5364761959531129,0.1406593614561202,1.0
443,1,0.12321849543951409,0.09545832403953769,0.3139996712863611,0.5037571001785518,0.5280756682980503,0.712838792025392,0.0
444,1,0.01604225960535223,0.06341520951859067,0.25460847915095763,0.42975877738470114,0.43256779958060176,0.036812288573336224,0.0
445,1,0.07815104809321913,0.03372851405293724,0.1315781011178251,0.2510272953418508,0.2410910423735294,-0.029227562054383035,0.0
446,1,0.4061439008622131,0.4132561837658647,0.4157494409663719,0.6900208767305642,0.6882845811655101,0.15169509849259305,0.5
447,1,0.3696826583650234,0.35771443382791923,0.2338448191814998,0.7076936595583982,0.7227329520433414,0.572639392217555,1.0
448,0,0.2341423228780341,0.29680198224687915,0.230781594518504,0.689646625422458,0.7129690201180499,0.6401195334379732,1.0
449,0,0.1856989894110973,0.08961276498094745,0.20019493511831365,0.16794564514815102,0.160295445446142,0.03298984040816606,0.0
450,1,0.0642104413985392,0.06346622034286556,0.2516872177237018,0.24483882205056157,0.24871419135130354,0.0817766511695,0.0
451,1,0.4208652903423275,0.5851414477990842,0.4468182785707878,0.8580338288973036,0.8325181446911196,0.11436653011205644,1.0
452,1,0.059872989271939195,0.08303960949499584,0.18434944129092162,0.44303924188729565,0.4428947684220897,0.0042387061009084084,0.0
453,1,0.3358099923169772,0.329197748686128,0.17369660754983524,0.6086701497695155,0.6627672992826067,0.9158891580879218,0.0
454,0,0.30689836682277455,0.24883500932323255,0.1429636055954851,0.5834856839897198,0.5867965616343993,0.02292386337683676,1.0
455,1,0.26284262187969687,0.17260467725414527,0.3514461481415656,0.30014984258893684,0.2922749636710504,0.11013765446960083,0.0
456,0,0.20460167205392488,0.13989474609545827,0.1474574761154837,0.19925708507119524,0.183200726652881,-0.0573145279517063,0.0
457,1,0.19632835676943106,0.17934546828838022,0.3538478491859003,0.3731011355820386,0.3616755127672077,0.06585734525500456,0.0
458,0,0.14506921666451567,0.0749801714129763,0.24736552435498926,0.3139774706447866,0.30671520276460956,0.04766797385883198,0.0
459,0,0.09713593063241818,0.1355712219993117,0.20437897516582004,0.4329655173689775,0.4234673370277578,-0.0029733923925448005,0.0
460,0,0.3717955928088003,0.3845136695337582,0.5018550232119869,0.851291096960913,0.8761057346213559,0.40661205834342246,1.0
461,0,0.36709123572939306,0.30460672569832353,0.3905201169895784,0.5839909328874756,0.5662965054869519,0.18604827551112743,0.0
462,1,0.04313833149622107,0.03698154687644568,0.10852784117032434,0.36332218987765386,0.35904714884800776,0.07863251446641524,0.0
463,1,0.32431295815286504,0.26942872261552453,0.2718843590718987,0.7773798532777016,0.777315001979932,0.13305426280108817,1.0
464,0,0.11843128586081872,0.09797887443352134,0.2682499887427738,0.23403205684232736,0.23062864666214178,0.056762181419848214,0.0
465,1,0.1313107524177563,0.11671348833421052,0.50256572064493,0.08377641576749632,0.088984424691959,0.003744431551289243,0.0
466,1,0.09319442564013498,0.13848798442533214,0.5366119052331302,0.277540688853139,0.25883639075426806,1.5813427190286555e-05,0.0
467,0,0.3618783494733511,0.36686492364314666,0.38656565691039774,0.7591151330516768,0.7887527171201201,0.31592105888735367,1.0
468,1,0.27693568672632773,0.35783887372987294,0.21283940559248993,0.6878355631368176,0.7079256940918263,0.6090058209052932,1.0
469,1,0.05161512699137655,0.035593367542169144,0.31472290465018393,0.24569206351067205,0.25684896754551745,0.0412893606157623,0.0
470,0,0.12021325949618389,0.10279587189106038,0.13660158370350922,0.3104443935789457,0.3163297499647409,0.09246943419502586,0.0
471,1,0.3433417680409725,0.28134862497353197,0.3198900913304878,0.6034344062239685,0.6084114428719793,0.04814154056796237,0.5
472,1,0.26851367397187736,0.17868991237250337,0.2670026017071183,0.632083859793653,0.6399171992177626,0.15333554506755703,0.0
473,1,0.14718863449635775,0.04194631424350048,0.3334304561614131,0.24493123676470482,0.24730248951193623,0.11519602648880274,0.0
474,1,0.0893036584395127,0.04081057758347695,0.27739433875941527,0.17910219458112345,0.16885500459255914,-0.04348664353432311,0.0
475,1,0.22051785819217823,0.20878454869641672,0.3005679210776061,0.09603551412989389,0.09712113821329149,0.0821794492832974,0.0
476,1,0.15021937446264322,0.0425965251270794,0.5614310507276623,0.4566982907172655,0.45054789403667517,0.011391521463860889,0.0
477,1,0.4300603411293099,0.41398702931453996,0.198281280087517,0.7585109993176449,0.7690101338252134,0.710264567673486,1.0
478,0,0.12668725116186785,0.14609905807762513,0.16613105497226055,0.19316521481028973,0.18165639917339163,-0.001695308878941179,0.0
479,0,0.3737030940121362,0.28760473164301603,0.4076139450858121,0.7447050950539031,0.7508952521465564,0.299363878691458,1.0
480,24,0.31801502912215035,0.2973785177913002,0.24959021158617828,0.6989542640415997,0.6939007172361776,-0.004851606621726588,0.0
481,0,0.2717912453685314,0.2643840753391172,0.18663438639294866,0.7669701388931447,0.7987189542659778,0.6826682985622079,1.0
482,0,0.5044408826557902,0.3758539224062537,0.35361038125999267,0.8791899734365471,0.9029801389291241,0.7573484834683365,1.0
483,1,0.17764966081025643,0.11611420295054978,0.11252193978351158,0.5772186755734401,0.5586236311840814,0.00740919455920723,0.0
484,0,0.3831976407410106,0.4660463470387473,0.1578522892442431,0.76114086534007,0.7506412686795341,0.42881001197710256,1.0
485,1,0.38859887072536237,0.26838654481888624,0.36621094421445777,0.49475183852260196,0.519256545974758,0.38979241954566823,0.5
486,0,0.3340678804459246,0.23499784956985176,0.43294810859759014,0.5037362141630183,0.5258599930807357,0.41538944215818263,0.25
487,0,0.34764162002325627,0.31814733951503527,0.2744393426127945,0.76032750081799,0.7929934341048115,0.5550222007290178,1.0
488,0,0.3739756997843414,0.3934570182088135,0.0364675617581324,0.6997205316250659,0.7070083065045671,0.875948529953199,1.0
489,0,0.3716741833397367,0.41812511965634536,0.46075607772783883,0.67508454926134,0.6885152882480854,0.5814168704155547,1.0
490,0,0.46791391656150966,0.45272673787938733,0.4730325222892021,0.8170714061501512,0.8483530269097936,1.0000000000000009,1.0
491,0,0.42752840592677455,0.35822830921197246,0.32722039585366874,0.7506655644516341,0.7543780267770448,0.5250564335973573,1.0
492,0,0.30500494581257087,0.32136664849062163,0.09306998192071916,0.636055776527786,0.6874255786369611,0.08636135855509103,1.0
493,1,0.17505244834357875,0.10430303073287245,0.023733191777027495,0.22791019018733175,0.2774077698172142,0.8661157625206379,0.0
494,0,0.36874458390638454,0.39518432265442255,0.39477089250973846,0.8383999560717302,0.8431882766798118,0.37200267628039685,1.0
495,0,0.37255782683925215,0.4654572691620153,0.3062902759135796,0.8203451553546561,0.837501609442525,0.97343775101758,1.0
496,1,0.481391762159611,0.473268809149555,0.4672907551939054,0.9198676564152706,0.9321289473080877,0.7324160729996364,1.0
497,0,0.34926016989668385,0.48222028098280645,0.185730261067153,0.8071517018120651,0.7805309608923826,0.6804613701733051,1.0
498,0,0.42047514100789746,0.48598813733166474,0.33442597509144456,0.8323374886761552,0.8475098077993399,0.6461214153232989,1.0
499,0,0.3785496666357966,0.4300753873476606,0.18592657371606225,0.8803562770340048,0.8944948716487354,0.7179187288852278,1.0
500,0,0.28774201410228095,0.284471881787586,0.2505411247433943,0.7383121764847682,0.7618424665923537,0.46227659259013115,1.0
501,0,0.3761255395893983,0.4264983622861105,0.2602223423999107,0.8773873312973193,0.8902903738248079,0.7316958689522162,1.0
502,0,0.40782875893996196,0.3586214598343462,0.2807032133261114,0.7768535735225488,0.8179478923186406,0.7391112953649638,1.0
503,0,0.4237639561086555,0.4614154569296492,0.42532642693098743,0.8864539712488191,0.8859200752166947,0.10937786651195927,1.0
504,1,0.3481974041810366,0.40865542494340307,0.4851611006180969,0.784232143932122,0.8044135967608406,0.9005802877340656,1.0
505,0,0.514466185313007,0.5111083847875448,0.35825024128786326,0.9355214205164888,0.9537620487072574,0.43410169721081493,1.0
506,0,0.3992894662435964,0.3909096714708217,0.19786444163799277,0.8072114247484458,0.8044835375760534,0.4921791579855946,1.0
507,0,0.4017772731180209,0.43403998062774274,0.31338171186847363,0.7911324866100196,0.8021616259868076,0.4746056951936027,1.0
508,1,0.4124372780045853,0.4632347459703984,0.29310672681159394,0.8670546556363145,0.8653972011589659,0.16045262591212078,1.0
509,0,0.46691697785706043,0.4382139718812693,0.3925464860521706,0.8254043545166923,0.8209680344147838,0.35410517908216554,1.0
510,0,0.34504291655781183,0.3771588848396493,0.37802732691589447,0.8362221031712797,0.8495154015933224,0.3278385605264845,1.0
511,0,0.37087051349566147,0.45181196285987857,0.45295952279039764,0.8449831264582947,0.857473114194091,0.036376686395857775,1.0
512,0,0.4000973721115362,0.40145852931597487,0.24368807745837395,0.8330854642505356,0.8483703436671016,0.1624874028312533,1.0
513,0,0.3992277332075945,0.32812554622132617,0.2694425557684716,0.8836552590137594,0.8917687147458419,0.8654363854985683,1.0
514,0,0.47842008522728197,0.451806284261119,0.07678809397791501,0.7204453206522251,0.7260439189333636,0.4124363959992603,1.0
515,1,0.44998390713583736,0.48800706028941987,0.2411326576322377,0.706965557057453,0.7345098491444335,0.5461365737609807,1.0
516,1,0.407202412011641,0.4007076318371112,0.518385411758082,0.8336609041126583,0.8304817234237724,0.13409869599976573,1.0
517,0,0.47132239467977427,0.44456468623304835,0.16005638763957966,0.8491655438660841,0.8662336345390752,0.8565315994703637,1.0
518,0,0.2062702447764031,0.11394139481401078,0.20504662621014075,0.5902982254275784,0.5754363575336026,0.10877242099066838,0.0
519,0,0.4414413857388578,0.43739251486144165,0.32064952582749756,0.8076009847767074,0.8307058501969594,0.6570337527459649,1.0
520,0,0.16407301539906255,0.11277580030916293,0.42501242787053667,0.5323650461047487,0.536049327052857,0.23122631286056133,0.0
521,0,0.40114409902366943,0.43097554053399006,0.38991670697854963,0.6664626095728298,0.7447526920313281,0.3303373715958104,1.0
522,0,0.11315440113540853,0.06655532678363299,0.4644970997588407,0.33415857956604655,0.3161939847531814,0.018425711779790726,0.0
523,0,0.3184660686736479,0.3460227258010483,0.3228184562445878,0.8015985803126736,0.7958322544008118,0.11679259101863411,1.0
524,0,0.410843743244399,0.39362318610024294,0.37514863747043115,0.7960973866920427,0.802781176393557,0.6991189857905674,1.0
525,0,0.42232754079637336,0.4234110618474701,0.5114170550993555,0.8031838477742697,0.8208497094634205,0.8687944685417099,1.0
526,0,0.23072129823759085,0.44671929790995,0.3445647350161681,0.6851377163132414,0.7070744940891152,0.5971734881922905,1.0
527,1,0.3933684365066491,0.42547164405001014,0.2765765241997275,0.8576279149727419,0.8636878796687946,0.5950941479349409,1.0
528,0,0.532319473852372,0.6193045780140416,0.3115349210924212,0.8205396694313356,0.8195238432003399,0.48428816002102537,1.0
529,0,0.368602045733848,0.39324534250245424,0.1882205373253988,0.9186197362402903,0.9263996188595006,0.8337929121492793,1.0
530,0,0.5241740065920415,0.5626852341884063,0.4181285154723313,0.7043288299543802,0.738988503606969,0.6390055528019145,1.0
531,0,0.35389286241936135,0.46838359827246384,0.32105658716763474,0.838081368147011,0.8401153143752547,0.30113524870417996,1.0
532,0,0.3883495376158925,0.3738487944895383,0.08011190398162724,0.7988791022879095,0.8161694949098839,0.29319456511357883,1.0
533,0,0.36644207651398264,0.3352106634730058,0.25868883479946186,0.866080458229957,0.8495659922569507,0.45292168207236205,1.0
534,0,0.288068194874882,0.26764262920063875,0.3812364185654788,0.6702432507597718,0.6740500412989782,0.3612188203180313,1.0
535,0,0.3230108092856618,0.4086080428178869,0.15553234133366384,0.7025377749491852,0.7625286857068504,0.8594083397333143,1.0
536,0,0.3652875538946828,0.4113641143740474,0.21239538491091703,0.7086306982886232,0.7029502743380495,0.2520293840424065,1.0
537,0,0.39122374843413754,0.42354193908353155,0.09317703029512747,0.6588040897144728,0.6957462163024482,0.12705727003972472,1.0
538,0,0.4133742238175141,0.4203341189862184,0.08049945960494784,0.7570717928457986,0.7740415203294047,0.6130409316451453,1.0
539,0,0.3973772711183098,0.4102887441060138,0.20852393393096794,0.6908147374143431,0.713403552048965,0.6130409316451453,1.0
540,1,0.36277325321988435,0.3953141142914335,0.21264746046819716,0.8546531283929458,0.8782755477706832,0.8826629777584585,1.0
541,1,0.39276304140396406,0.41052241150602725,0.40505042926201484,0.8442447059269411,0.8745567387237022,0.6234579000132117,1.0
542,0,0.5507604888763975,0.5195906375539259,0.44998792005691546,0.9064727248621702,0.909133710310808,0.7539404794504523,1.0
543,0,0.38812395436269903,0.44944534865237057,0.3611264840786912,0.8763202059703441,0.898043643759469,0.6099848427730975,1.0
544,0,0.36072740198102404,0.3898934182732442,0.42241202468072825,0.7252012517235297,0.7655956336861347,0.10735556995504733,1.0
545,1,0.3925068488188007,0.3854064004641702,0.542064086835518,0.8231945640536709,0.8451179520792526,0.9933932455764303,1.0
546,0,0.3513712514313042,0.4266835557891353,0.333845006105445,0.7244617518379818,0.7597389124192901,0.7918870092474253,1.0
547,0,0.47864222636613957,0.4042648977505579,0.3674057961662665,0.854586122970447,0.8525573482514923,0.0845397543052151,1.0
548,1,0.06751915852665652,0.04752488005678772,0.32646903453013765,0.24258876009505623,0.23418611704101028,0.006348720074143957,0.0
549,0,0.1605303387931946,0.16408367273353436,0.3315662264051922,0.09733732074184896,0.09564704364366947,-0.013406916129198865,0.0
550,1,0.2957672167717022,0.23899837935805573,0.25045479808371773,0.5710278753297651,0.571337326047684,0.16980518067037798,1.0
551,0,0.2794441337478684,0.2997393539267469,0.2835047152821266,0.7354679080004196,0.7421144216348161,0.38438396674140124,1.0
552,1,0.11652644795500344,0.04925283150790308,0.3786219651798661,0.196306053654976,0.1906982617791363,0.013927457870669298,0.0
553,0,0.21682771325652783,0.11484210693238764,0.3082554418924492,0.53909003982681,0.5477718362492174,0.1626528724088901,0.5
554,1,0.09917159090311345,0.13298079286326014,0.2224696240698995,0.3260924720554625,0.32568753953467994,-0.00875817970183092,0.0
555,0,0.30930559268347446,0.3067474871229042,0.19569554234698872,0.6859556716073498,0.6642179942850889,0.08107947445640883,1.0
556,0,0.3249390620325504,0.28737511577593705,0.3035586946695923,0.666882047190118,0.654170330213219,0.478285978104935,1.0
557,1,0.32446741259808154,0.25223764949784966,0.44709740145301113,0.6005389803962786,0.5951825892796887,0.0690090496640179,1.0
558,1,0.38839151174877656,0.3980520674823308,0.14043203978163604,0.58372171265208,0.5931188838131798,0.2867737743182047,1.0
559,1,0.04703698723830856,0.07841645058341196,0.15505505208642134,0.2926676249894528,0.2836312670477013,-0.041668713697331064,0.0
560,1,0.08606973030824454,0.018183816500778265,0.3067503445735694,0.19865355011716412,0.19957877148713196,0.004408000153368223,0.0
561,1,0.23093373781471602,0.18853628115610838,0.15690935537555137,0.5061304332631842,0.4983859296060092,0.02986757895395796,0.0
562,1,0.19421242507246744,0.0771689870591746,0.3915008960726134,0.26336489665881024,0.2670867912958277,-0.007751230318580722,0.0
563,0,0.39144852137356423,0.3456144775015375,0.3592337668207177,0.6560283482666762,0.6891996396097508,0.23288247503120676,1.0
564,3,0.2986360918608345,0.26867732027465596,0.25115549832244854,0.17143999981913602,0.1637798200805393,-0.01788432927140233,0.0
565,1,0.3476398931155976,0.4108767647296758,0.15125501471893713,0.8303463853164885,0.8320539483526799,0.5778700614117291,1.0
566,1,0.3566737564142337,0.233458683015561,0.3203595987981237,0.6280472052263699,0.6363888744089287,0.56524701890581,0.5
567,0,0.44068988358757843,0.45005532211882465,0.4475921068428793,0.8565386572553002,0.8629770721256478,0.6259273305344812,1.0
568,0,0.42742561635251836,0.4388511895563776,0.3248379869790837,0.5658245726161516,0.6246962516895415,0.9702680548094225,1.0
569,1,0.4577786660958166,0.46244127218843845,0.4557090459782832,0.7753485872197854,0.7960045078469072,0.9205716889285556,1.0
570,0,0.3899542742771105,0.45278190081214154,0.07324764001991207,0.8530830704240846,0.8752021690467172,0.8576347652016292,1.0
571,0,0.41258179792371785,0.5097057852698319,0.22077072638800443,0.8432848179351604,0.84550698851209,0.1170599564853005,1.0
572,0,0.3587350889795055,0.3851309004047866,0.27814143718671525,0.7127164256008695,0.7197332790655626,0.7228209431197679,1.0
573,0,0.38871285005142747,0.4993497262112828,0.37494301231064175,0.8311110203051775,0.8287807001433776,0.5334417212780912,1.0
574,0,0.38123117353215186,0.40032599261119683,0.23673390051762314,0.8891286631790789,0.87853939653096,0.4235941907068497,1.0
575,0,0.3337931467767461,0.425704505470967,0.2895410792064599,0.8079761772705305,0.8453154103066767,0.5941358568612891,1.0
576,0,0.42187955973750013,0.3953456169935071,0.3035421141104825,0.8301066725580706,0.8447815817392288,0.8216477581819464,0.5
577,1,0.4799791988344236,0.4958067979470723,0.2540175498688485,0.8089276670120571,0.8092310945945967,0.5905313011510005,1.0
578,1,0.37103319073818253,0.3939967594125896,0.3555867952454157,0.8015602035013359,0.8237780811917861,0.7386949755628631,1.0
579,1,0.4134667210613864,0.43916528369929164,0.4386929434218261,0.7434401912259411,0.7970491794906642,0.46131639841744326,1.0
580,1,0.46121492851288726,0.41410526427476824,0.3960533883185859,0.7892943068980964,0.8298721096169932,0.5194434001292488,1.0
581,0,0.49449255520287294,0.5148804166577655,0.3929542272014472,0.8732648222028667,0.9034565202523444,0.7319569875880583,1.0
582,0,0.5281551856456062,0.43313884040711925,0.41967470222371894,0.7813415338560574,0.8107674181898494,0.9999999999999994,1.0
583,0,0.49787846748081965,0.49062905023153947,0.32221434716965497,0.7805483606017868,0.768582654375769,0.6614265741055858,1.0
584,0,0.38012886081749886,0.4656007851215869,0.3858194279603652,0.8573939646643162,0.85246670572355,0.12434871624208937,1.0
585,0,0.4428167043186894,0.37755961394931803,0.24965669775835897,0.7620690498351549,0.7843850810442812,0.7375999428922209,1.0
586,0,0.3214948554033278,0.4397555535030418,0.43195674192646527,0.7490007262666034,0.770615373715166,0.395190730342551,1.0
587,0,0.4541889496481968,0.5050831660314465,0.18731958886215233,0.8147297522424418,0.8338147532711209,0.7318323844281203,1.0
588,0,0.38805521470078574,0.3635828403309965,0.32004728498496554,0.8509369032894407,0.8489505191315437,0.1952205580441632,1.0
589,0,0.3556307949045204,0.34330363425880217,0.5070943791737355,0.743570719892678,0.7661940657930627,0.9469261630634873,1.0
590,0,0.38191143602781363,0.4074445420818088,0.323139866467085,0.6891908513497902,0.7011858774884644,0.38840672209876276,1.0
591,0,0.4894306921706333,0.5570539647661523,0.4126115929131754,0.8193355943701043,0.8538116314716853,0.5864299134838722,1.0
592,0,0.08245585866211998,0.08412412924221074,0.3496662299970705,0.1288424693459941,0.12255320881301884,-0.0011665573568019408,0.0
593,0,0.5181400119334352,0.505442352469567,0.4582380995382207,0.8611635293697903,0.885609226016217,0.8693554797216543,1.0
594,0,0.4173816128808678,0.4579307495187498,0.3125652292932487,0.7309445683758661,0.7442825528566707,0.7535133397664175,1.0
595,0,0.4559031166068881,0.37083334702504417,0.6185460792844002,0.827772854907551,0.8351934337453495,0.5995366478878511,1.0
596,0,0.3869286032587591,0.3259569949540772,0.3842622926386253,0.8625124088985581,0.8724993917822397,0.7750231185493167,1.0
597,1,0.4588629061152669,0.43467372671243953,0.41178382342188957,0.8197973559158891,0.8384540227418564,0.7054141012317761,1.0
598,0,0.38326363931789026,0.4502630977465918,0.33102569666466036,0.827940644230145,0.8538471350964784,0.5301903079091784,1.0
599,0,0.4638889455101897,0.4281087534238348,0.4442289271732207,0.9035605221033153,0.9052109868931841,0.7091015813998066,1.0
600,0,0.3992882484290997,0.4839585085041467,0.2415813494753373,0.860128600706875,0.8606486205897722,0.5815612260932903,1.0
601,0,0.4943760064440145,0.45919631215307266,0.3198134902767431,0.9021676598730153,0.9018987349000755,0.5418418892707915,1.0
602,1,0.45644823434567694,0.49853691452397797,0.5768201611779036,0.8231888388996501,0.8242837990181276,0.7091574246318865,1.0
603,1,0.11019651328551432,0.1809946675015519,-0.03933975238994619,0.3701390441974863,0.35753467068800227,0.007650931885404697,0.0
604,1,0.36117130617451554,0.4258291670454538,0.4413771533211668,0.7606042196643715,0.8071618510478795,0.8627117686299484,1.0
605,1,0.2963424301983545,0.42532442049673863,0.4464667167132187,0.7597296279888447,0.7760550272551232,0.8351904735062179,1.0
606,0,0.37765171480741794,0.38358116116131663,0.1578676702182118,0.839599192975211,0.8554062316811759,0.9353245609289592,1.0
607,0,0.43736939666436236,0.41790069949937847,0.4390881333612344,0.7566726942084452,0.7917737779232503,0.49460659746472635,1.0
608,0,0.40812904825498875,0.44808645850011664,0.13348703419217656,0.8504329909009445,0.8697841830458096,0.9628903679643035,1.0
609,1,0.09747382768844676,0.041002814200612234,0.48732864700067563,0.18193417822339336,0.1616967092958331,-0.016631498495137953,0.0
610,0,0.43801814704051495,0.4243226183646248,0.3874629298805584,0.8867902889211657,0.8927544881885329,0.6488377909876197,1.0
611,1,0.33208250798517247,0.2760987652223744,0.3407631807609454,0.8085761782844272,0.8261299868201675,0.4785889933660705,1.0
612,0,0.4454711353027584,0.45397904568018904,0.48071267062179474,0.7610905596641495,0.7776831945140907,0.7093355580649003,1.0
613,0,0.470249852977891,0.42313691606535664,0.4753093187181151,0.7884876063359626,0.82077104020239,0.16712413046361257,1.0
614,0,0.33153715488508895,0.44021115150120604,0.30967988096439936,0.7243167915950306,0.7506461140940366,0.8026453094314605,1.0
615,0,0.4740912114316458,0.6219279586443243,0.3318529529987029,0.8467741479679026,0.8730966652215276,0.48419285855268224,1.0
616,0,0.4611951840999634,0.5286149046710085,0.22953821999032953,0.8850104730044577,0.8885971784805358,0.08819188504840844,1.0
617,0,0.3883478127026402,0.399008719173785,0.2845255595083343,0.7543629067608081,0.8036803747109489,0.5509427646104108,1.0
618,4,0.3228267155202649,0.2938562257474533,0.2574133160754302,0.7413878071658535,0.7730185139785215,0.8962969634134959,1.0
619,0,0.3722563186587408,0.34815003575017833,0.4672510240563308,0.8750979991062278,0.8667439143937581,0.19715969144629694,0.5
620,0,0.24686582774353763,0.35617002889055693,0.37940724291350525,0.8542012428985407,0.8699119912554092,0.440378869266279,0.5
621,0,0.3956128327710549,0.4972022081965394,0.4277363747705335,0.9014306309415374,0.9121189139063564,0.7205167219884598,1.0
622,0,0.4497082791454636,0.4119044624457401,0.44213556336334536,0.8950837522445665,0.9038931484270613,0.653944742552645,1.0
623,0,0.4805626357121266,0.3294458638971726,0.2533667335861527,0.8655824458653509,0.8665090267124289,0.6747272098094325,1.0
624,0,0.4349731935110549,0.41244601889880395,0.4999580282816619,0.9287935061886738,0.9336638258707483,0.8365570287029803,1.0
625,0,0.3504380078461312,0.4021222011837317,0.3928655273542029,0.8510050636316198,0.862432455076536,0.47957193170787543,1.0
626,0,0.41556547282622114,0.4485024696960175,0.24625415520369562,0.7086182987235459,0.7285270887821427,0.7965555231299821,1.0
627,1,0.5553883204823655,0.5408896314322842,0.2091210217984826,0.8486160849637454,0.8555898524139961,0.663363301923265,1.0
628,1,0.4408432964145233,0.5662428589899129,0.29558456008250245,0.8231235831540568,0.8375160093284513,0.7384342590413671,1.0
629,0,0.40968701060804147,0.3846117814062,0.5417233520500219,0.7181631504825698,0.7319627815232588,0.09177707727594761,1.0
630,0,0.48757266362009966,0.46136126834240077,0.10376310248380749,0.7426979397978088,0.7532839301894736,0.2013357548375173,1.0
631,0,0.3807286255168102,0.3863100670936118,0.21853082759712733,0.6166020282507644,0.6761852938289633,0.5658767724173157,1.0
632,0,0.5116656855496904,0.40790147030257246,0.1400903955376567,0.8567637114468609,0.8826253116621362,0.4200414371307568,1.0
633,0,0.362551688201054,0.38327357597004247,0.17467538755119633,0.8624367403638998,0.8830603334454267,0.9210870343538651,1.0
634,26,0.23397074186629419,0.1819147095973963,0.3601340013439845,0.04851817571391524,0.04844071464370648,0.013432548353933642,0.0
635,8,0.05409800146126695,0.06976953775848077,-0.028744455378763776,0.10793033498922389,0.11490053721592786,0.08880210373878031,0.0
636,0,0.42846655925979765,0.33205787807909676,0.4243969268897143,0.7801991747565393,0.7884337858335954,0.132053368366136,1.0
637,0,0.37060950852066754,0.3514284931014623,0.4357722055216533,0.820620399640155,0.8466601714499808,0.5955820332706858,1.0
638,0,0.36498667755975,0.43842085437836187,0.3061479769932903,0.8845322361190971,0.8868921005591353,0.28838891406729555,1.0
639,1,0.17200490211728656,0.1585191491436693,0.26688783228166374,0.24390361024788318,0.2274249154780497,0.007817021845156957,0.0
640,1,0.29195026765278487,0.28367009846326346,0.3678281089435809,0.835830776598057,0.8626984697632885,0.9855213162397215,1.0
641,0,0.38602347590306085,0.37559978833634666,0.3437242056023956,0.9182459663318675,0.9276725548301858,0.6160606991187163,1.0
642,1,0.27715356696047777,0.1932401799096812,0.31916205064735004,0.734085702169593,0.7371043307620349,0.417909184284268,0.5
643,0,0.3142541000531388,0.39488918388435534,0.1634008066637034,0.7465863983563616,0.7930625536683755,0.437388933736123,1.0
644,0,0.35806049139568125,0.37132998102728343,0.3256571548079859,0.46438829184563657,0.4691037484211047,0.05788032297342103,1.0
645,1,0.14595732520584967,0.04356460959604398,0.30196491269481796,0.2863958729967655,0.2810523407628024,-0.0638318943766894,0.0
646,1,0.24547305513566992,0.20161519104077968,0.4622062468344702,0.5299027095289572,0.5312967287297929,0.3914530281544767,0.0
647,0,0.3823477749833296,0.3681927744034525,0.2613110625536667,0.6713075720520112,0.6860495937240517,0.47563527768206953,1.0
648,0,0.3433503033876794,0.34823620428233937,-0.05621089624654841,0.5456353649212018,0.528461900359553,0.10793842840807996,0.0
649,1,0.1746101841788607,0.11639546898385328,0.20230094170539392,0.22779737544582102,0.2150480156126081,0.026464836865044725,0.0
650,1,0.1935313717706656,0.07634864310980721,0.6069809691680079,0.1548172162930802,0.1356356659489318,-0.009838237310413556,0.0
651,0,0.3780688030428576,0.46483058797838006,0.29731089266948285,0.88898314138979,0.9120133695183842,0.6927867015863631,0.5
652,0,0.2658939646684646,0.24261531236819575,0.3367657719560463,0.5314549630279012,0.5557133512337092,0.06018451735722664,0.5
653,0,0.16782063454403684,0.135638842266921,0.2861322233266237,0.2262386935333141,0.2205746428929182,0.0011722210017451884,0.0
654,0,0.3830030372230708,0.37306424445356645,0.274985411160016,0.6920599266664467,0.737316605372248,0.9525032372508628,0.75
655,0,0.41285260290247167,0.5897106858580137,0.516821765524646,0.7601797450441898,0.7793317568147045,0.5803476911813543,1.0
656,0,0.2888598244390562,0.16494993878745234,0.21921222053654799,0.6301716440604532,0.6146234408762327,0.0024161614343678334,0.0
657,3,0.25445221839009013,0.20443251115272376,0.11576389791560782,0.19386816589247338,0.1929523133496924,-0.04409162500900107,0.0
658,1,0.3289775334043192,0.25333668197669257,0.29735303478024644,0.8944625849932137,0.906165916468155,0.9217207179226687,1.0
659,0,0.34908928307128806,0.2863739131132318,0.24836723149221096,0.64225219761867,0.6532137665938127,0.5274666651154529,1.0
660,1,0.20645839004603267,0.08501482695097387,0.10672847445419822,0.6638348377589821,0.6597743038062761,0.001811668364293563,0.0
661,1,0.27572243744258706,0.3068503261516247,0.309666383764666,0.6676570995990365,0.697435168457495,0.6975032399600183,0.0
662,0,0.3283026187429633,0.3694941207598824,0.4531932724046459,0.703076775280294,0.6996032546755736,0.4317056277653409,1.0
663,1,0.4461859985353308,0.5281772693517499,0.4400142284687303,0.8180311631228606,0.8425812378278598,0.3085972423557331,1.0
664,0,0.42013026437239587,0.4076096465186144,0.31861496626090724,0.8328705628386527,0.8348087038228076,0.253600123194371,1.0
665,0,0.42872072782505943,0.49229493084401843,0.4845630377223946,0.8603994607413008,0.8731814585812827,0.6626556861838844,1.0
666,1,0.4514786629737418,0.43052724652605256,0.4232717629335743,0.9326741404353909,0.9402323173893216,0.5350322449575986,1.0
667,0,0.4449262436339076,0.48962931888426553,0.38289823741578677,0.765001550815148,0.7858038360967048,0.7376782421305333,1.0
668,1,0.40378132774854547,0.35825013904791975,0.43836734530159716,0.8747034569448069,0.8856757658823868,0.8794300567546462,0.5
669,0,0.4433830131464288,0.4685201490805114,0.39819646591879365,0.8995977642101459,0.9114314558053702,0.9026583420846009,1.0
670,0,0.4673226021712853,0.44607977393265485,0.3764041574964134,0.7823167575973307,0.8345988083399073,0.972484422873638,1.0
671,1,0.25142771284744625,0.14906750422953316,0.3251334107453723,0.6593984457625224,0.6549231277036061,0.1234894269267894,0.0
672,0,0.4449069192001109,0.3873768507127342,0.33635680870184476,0.8507177954672507,0.8597655304420626,0.841169908338611,1.0
673,0,0.35581584214845074,0.30931558178081053,0.3823610275152216,0.6845469171440749,0.7259673236587854,0.7332745990018512,1.0
674,0,0.2561468628158574,0.23199113487437936,0.3046229522557564,0.7552018181020989,0.7562776075148847,0.15808254687054019,1.0
675,0,0.22540149627692624,0.22899217693852358,0.3127718533679015,0.7141504370089796,0.7246113461211641,0.37300844895253793,1.0
676,0,0.28758922084886956,0.3578229597898067,0.2880001915889596,0.7890469547701686,0.8082810967433119,0.19790195532843913,1.0
677,0,0.4237275694534486,0.4346319311796111,0.45606023723833167,0.8619164711864349,0.8716644031969698,0.759565255879317,1.0
678,0,0.38392123465967887,0.4474941500714177,0.25284154622508137,0.8364224491843435,0.8372545303450205,0.3193713734575727,1.0
679,0,0.3774156722945273,0.3952349020856022,0.37713658917477355,0.8530948556743604,0.8777066570595882,0.6360621829800146,1.0
680,0,0.41087280680086025,0.40727746703501266,0.4124223324922892,0.8996712184402569,0.9065114069283219,0.6182870097746274,1.0
681,1,0.3629877775563034,0.4490927885020332,0.2973733951147304,0.8803607870242676,0.8837732486547496,0.43423099029447576,1.0
682,0,0.47052350644614316,0.5349921472736661,0.3404672225054739,0.8864458065141665,0.8932103429982983,0.7945186055468161,1.0
683,0,0.445590614302955,0.5382920851297481,0.08927792764275916,0.8698631205255676,0.8796802630166847,0.7855355134497516,1.0
684,0,0.44468144054937675,0.5155219538985425,0.24677098591344399,0.8562389648828559,0.8681460510645875,0.844159837592487,1.0
685,0,0.3895724687340323,0.4380759515182698,-0.1314296483567199,0.8204694848196464,0.8245168826776141,0.2431790585294762,1.0
686,1,0.45741431957935597,0.4664311108783181,0.3982459774851651,0.9105722117416173,0.9249168225502763,0.8420071342757208,1.0
687,0,0.3126943950466329,0.2961837474863673,0.33098153553537335,0.6666620053218972,0.7024497949663693,0.8196509524368446,0.0
688,0,0.30644340208772747,0.129557552784287,0.05448483534340739,0.5693030606460594,0.6036202654860556,0.6170228467716246,0.0
689,1,0.44539353557408934,0.4852553551600598,0.15032236943283248,0.9107021072413415,0.9126810737986837,0.24823737631816695,1.0
690,0,0.2023123739547546,0.11227638483412977,0.4802211646285003,0.6521177514240825,0.6677269287950258,0.6245908870781394,0.0
691,1,0.43309177757122064,0.5152293097331677,0.3492883183892804,0.7921266085953541,0.8302164478784062,0.6393399493025747,1.0
692,0,0.2276966786133519,0.20495985150427184,0.32295689488222007,0.6271242897684932,0.622475368230033,0.016564926796110768,0.0
693,0,0.33460668908888813,0.3641404528087291,0.24078412540505084,0.7519743255642836,0.752548013119485,0.04169524659024066,1.0
694,1,0.2591869549989598,0.2284310612585947,0.05907164871414131,0.6398120066955733,0.6738912461871733,0.6450860204788494,0.0
